"Tm","Team","Name","Age","Yrs","Acquired","SrvTm","Agent","Contract Status","Year","value"
"ARI","ARI","Welington Castillo","30","7","Traded","5.009","ISE Baseball","","2018","FA"
"ARI","ARI","A.J. Pollock","29","5","Amateur Draft","4.052","Icon Sports Manag...","2 yrs/$10.25M (16-17)","2019","FA"
"ARI","ARI","Patrick Corbin","27","4","Traded","4.105","ISE Baseball","","2019","FA"
"ARI","ARI","Randall Delgado","27","6","Traded","4.100","Beverly Hills Spo...","","2019","FA"
"ARI","ARI","Rubby De La Rosa","28","6","Traded","4.097","Wasserman Media G...","","2019","FA"
"ARI","ARI","Paul Goldschmidt","29","6","Amateur Draft","5.059","Excel Sports Mana...","5 yrs/$32.05M (14-18) & 19 team option","2020","FA"
"ARI","ARI","Shelby Miller","26","5","Traded","3.166","CAA Sports","","2020","FA"
"ARI","ARI","Chris Owings","25","4","Amateur Draft","3.027","Brandon O'Hearn","","2020","FA"
"ARI","ARI","Chris Herrmann","29","5","Traded","3.001","Sports Management...","","2020","FA"
"ARI","ARI","Zack Greinke","33","13","Free Agency","12.057","Excel Sports Mana...","6 yrs/$206.5M (16-21)","2021","$35M"
"ARI","ARI","Yasmany Tomas","26","2","Amateur Free Agent","2.000","Jay Alou, Jr.","6 yrs/$68.5M (15-20)","2021","FA"
"ARI","ARI","Taijuan Walker","24","4","","2.142","Reynolds Sports M...","","2021","FA"
"ARI","ARI","David Peralta","29","3","Free Agency","2.120","Onyx Sports Manag...","","2021","FA"
"ARI","ARI","Philip Gosselin","28","4","Traded","2.085","Meister Sports Ma...","","2021","FA"
"ARI","ARI","Nick Ahmed","27","3","Traded","2.054","Meister Sports Ma...","","2021","FA"
"ARI","ARI","Jake Lamb","26","3","Amateur Draft","2.053","CAA Sports","","2021","FA"
"ARI","ARI","Andrew Chafin","27","3","Amateur Draft","2.020","Pro Star Manageme...","","2021","FA"
"ARI","ARI","Robbie Ray","25","3","Traded","2.007","The Legacy Agency","","2021","FA"
"ARI","ARI","Archie Bradley","24","2","Amateur Draft","1.112","BBI Sports Group","","2021","Arb-3"
"ARI","ARI","Evan Marshall","27","3","Amateur Draft","1.073","ISE Baseball","","2021","Arb-3"
"ARI","ARI","Ketel Marte","23","2","","1.066","ISE Baseball","","2021","Arb-3"
"ARI","ARI","Enrique Burgos","26","2","Amateur Free Agent","1.052","Sports Management...","","2021","Arb-3"
"ARI","ARI","Brandon Drury","24","2","Traded","1.034","CAA Sports","","2021","Arb-3"
"ARI","ARI","Oscar Hernandez","23","2","Rule 5 Draft","1.022","","","2021","Arb-3"
"ARI","ARI","Jake Barrett","25","1st","Amateur Draft","1.000","","","2021","Arb-3"
"ARI","ARI","Jeremy Hazelbaker","29","1st","","0.150","","","2021","Arb-3"
"ARI","ARI","Zack Godley","27","2","Traded","0.142","Sports Pro Servic...","","2021","Arb-2"
"ARI","ARI","Socrates Brito","24","2","Amateur Free Agent","0.131","The L. Warner Com...","","2021","Arb-2"
"ARI","ARI","Silvino Bracho","24","2","Amateur Free Agent","0.125","","","2021","Arb-2"
"ARI","ARI","Peter O'Brien","26","2","Traded","0.082","","","2021","Arb-2"
"ARI","ARI","Braden Shipley","25","1st","Amateur Draft","0.070","","","2021","Arb-2"
"ARI","ARI","Steve Hathaway","26","1st","Amateur Draft","0.065","","","2021","Arb-2"
"ARI","ARI","Matt Koch","26","1st","Traded","0.027","","","2021","Arb-2"
"ATL","ATL","Bartolo Colon","44","19","","18.061","Mitch Frankel","1 yr/$12.5M (17)","2018","FA"
"ATL","ATL","Josh Collmenter","31","6","Purchased","5.144","Sparta Group","1 yr/$1.2M (17)","2018","FA"
"ATL","ATL","Nick Markakis","33","11","Free Agency","11.000","Jamie Murphy Octa...","4 yrs/$44M (15-18)","2019","FA"
"ATL","ATL","Jim Johnson","34","11","Free Agency","8.161","Moye Sports Assoc...","2 yrs/$10M (17-18)","2019","FA"
"ATL","ATL","R.A. Dickey","42","14","","11.007","Bo McKinnis","1 yr/$8M (17) & 18 team option","2019","FA"
"ATL","ATL","Tyler Flowers","31","8","Free Agency","5.148","O'Connell Sports ...","2 yrs/$5.3M (16-17) & 18 team option","2019","FA"
"ATL","ATL","Anthony Recker","33","6","Purchased","4.000","All Bases Covered","","2019","FA"
"ATL","ATL","Matt Kemp","32","11","Traded","10.049","Sports Management...","8 yrs/$160M (12-19)","2020","FA"
"ATL","ATL","Arodys Vizcaino","26","4","Traded","3.168","ISE Baseball","","2020","FA"
"ATL","ATL","Paco Rodriguez","26","4","","3.120","MVP Sports Group","","2020","FA"
"ATL","ATL","Chris Withrow","28","3","Traded","3.111","Hendricks Sports","","2020","FA"
"ATL","ATL","Freddie Freeman","27","7","Amateur Draft","6.033","Excel Sports Mana...","8 yrs/$135M (14-21)","2021","$22M"
"ATL","ATL","Julio Teheran","26","6","Amateur Free Agent","4.062","ISE Baseball","6 yrs/$32.4M (14-19) & 20 team option","2021","FA"
"ATL","ATL","Ender Inciarte","26","3","Traded","2.157","Octagon","","2021","FA"
"ATL","ATL","Tuffy Gosewisch","33","4","","2.154","","","2021","FA"
"ATL","ATL","Ian Krol","26","4","Traded","2.149","ISE Baseball","","2021","FA"
"ATL","ATL","Shae Simmons","26","2","Amateur Draft","2.111","","","2021","FA"
"ATL","ATL","Chase d'Arnaud","30","5","Free Agency","2.045","Wasserman Media G...","","2021","FA"
"ATL","ATL","Jace Peterson","27","3","Traded","2.031","ISE Baseball","","2021","FA"
"ATL","ATL","Daniel Winkler","27","2","Rule 5 Draft","2.000","","","2021","FA"
"ATL","ATL","Mike Foltynewicz","25","3","Traded","1.163","Octagon","","2021","Arb-4"
"ATL","ATL","Williams Perez","26","2","Amateur Free Agent","1.140","","","2021","Arb-3"
"ATL","ATL","Chaz Roe","30","4","Waivers","1.136","Sosnick/Cobbe","","2021","Arb-3"
"ATL","ATL","Matt Wisler","24","2","Traded","1.092","Sosnick/Cobbe","","2021","Arb-3"
"ATL","ATL","Adonis Garcia","32","2","Free Agency","1.067","Rep 1 Baseball","","2021","Arb-3"
"ATL","ATL","Mallex Smith","24","1st","Traded","1.000","","","2021","Arb-3"
"ATL","ATL","Jose Ramirez","27","3","Traded","0.153","ISE Baseball","","2021","Arb-3"
"ATL","ATL","John Gant","24","1st","Traded","0.134","","","2021","Arb-2"
"ATL","ATL","Mauricio Cabrera","23","1st","Amateur Free Agent","0.098","","","2021","Arb-2"
"ATL","ATL","Aaron Blair","25","1st","Traded","0.088","","","2021","Arb-2"
"ATL","ATL","Tyrell Jenkins","24","1st","Traded","0.082","","","2021","Arb-2"
"ATL","ATL","Robert Whalen","23","1st","Traded","0.061","","","2021","Arb-2"
"ATL","ATL","Dansby Swanson","23","1st","Traded","0.047","","","2021","Arb-2"
"ATL","ATL","Rio Ruiz","23","1st","Traded","0.016","","","2021","Arb-2"
"ATL","ATL","Jason Hursh","25","1st","Amateur Draft","0.006","","","2021","Arb-2"
"ATL","ATL","Akeel Morris","24","1st","","0.004","","","2021","Arb-2"
"BAL","BAL","Ubaldo Jimenez","33","11","Free Agency","9.087","ISE Baseball","4 yrs/$50M (14-17)","2018","FA"
"BAL","BAL","Chris Tillman","29","8","Traded","5.113","Beverly Hills Spo...","","2018","FA"
"BAL","BAL","Ryan Flaherty","30","5","Rule 5 Draft","5.000","CAA Sports (Jeff ...","","2018","FA"
"BAL","BAL","Adam Jones","31","11","Traded","9.139","CAA Sports (Nez B...","6 yrs/$85.5M (13-18)","2019","FA"
"BAL","BAL","J.J. Hardy","34","12","Traded","11.164","Landis, Seal & Wa...","3 yrs/$40M (15-17) & 18 vesting option","2019","FA"
"BAL","BAL","Yovani Gallardo","31","10","Free Agency","9.108","Bobby Witt","2 yrs/$22M (16-17) & 18 team option","2019","FA"
"BAL","BAL","Wade Miley","30","6","Traded","5.044","O'Connell Sports ...","3 yrs/$19.25M (15-17) & 18 team option","2019","FA"
"BAL","BAL","Zach Britton","29","6","Amateur Draft","4.158","Boras Corporation","","2019","FA"
"BAL","BAL","Vance Worley","29","7","Waivers","4.112","Wasserman Media G...","","2019","FA"
"BAL","BAL","Brad Brach","31","6","Traded","4.063","Big League Manage...","","2019","FA"
"BAL","BAL","Manny Machado","24","5","Amateur Draft","4.056","Dan Lozano","","2019","FA"
"BAL","BAL","Darren O'Day","34","9","Free Agency","8.103","Ballengee Group","4 yrs/$31M (16-19)","2020","FA"
"BAL","BAL","Jonathan Schoop","25","4","Amateur Free Agent","3.027","The Legacy Agency","","2020","FA"
"BAL","BAL","T.J. McFarland","28","4","Rule 5 Draft","3.006","Octagon","","2020","FA"
"BAL","BAL","Kevin Gausman","26","4","Amateur Draft","2.151","The Legacy Agency","","2021","FA"
"BAL","BAL","Caleb Joseph","31","3","Amateur Draft","2.145","Wasserman Media G...","","2021","FA"
"BAL","BAL","Chris Davis","31","9","Free Agency","7.061","Boras Corporation","7 yrs/$161M (16-22)","2022","$23M"
"BAL","BAL","Hyun Soo Kim","29","1st","Free Agency","1.000","","2 yrs/$7M (16-17)","2022","FA"
"BAL","BAL","Mychal Givens","27","2","Amateur Draft","1.069","","","2022","FA"
"BAL","BAL","Tyler Wilson","27","2","Amateur Draft","1.037","Meister Sports Ma...","","2022","FA"
"BAL","BAL","Mike Wright","27","2","Amateur Draft","1.027","ACES","","2022","FA"
"BAL","BAL","Dylan Bundy","24","2","Amateur Draft","1.026","Jay Franklin","","2022","FA"
"BAL","BAL","Jason Garcia","24","1st","Purchased","1.002","SSG Baseball","","2022","FA"
"BAL","BAL","Joey Rickard","26","1st","Rule 5 Draft","1.000","","","2022","FA"
"BAL","BAL","Francisco Pena","27","3","Purchased","0.145","Rep 1 Baseball","","2022","Arb-3"
"BAL","BAL","Oliver Drake","30","2","Free Agency","0.094","The L. Warner Com...","","2022","Arb-3"
"BAL","BAL","Donnie Hart","26","1st","Amateur Draft","0.080","","","2022","Arb-3"
"BAL","BAL","Dariel Alvarez","28","2","Amateur Free Agent","0.045","Octagon","","2022","Arb-3"
"BAL","BAL","Jayson Aquino","24","1st","Purchased","0.034","","","2022","Arb-3"
"BAL","BAL","Christian Walker","26","2","Amateur Draft","0.033","Martini Sports Ma...","","2022","Arb-3"
"BAL","BAL","Trey Mancini","25","1st","Amateur Draft","0.015","","","2022","Arb-3"
"BAL","BAL","Parker Bridwell","25","1st","Amateur Draft","0.004","","","2022","Arb-3"
"BOS","BOS","Clay Buchholz","32","10","Amateur Draft","8.059","ISE Baseball","7 yrs/$56.75M (11-17)","2018","FA"
"BOS","BOS","Chris Young","33","11","Free Agency","10.039","CAA Sports","2 yrs/$13M (16-17)","2018","FA"
"BOS","BOS","Fernando Abad","31","7","Traded","5.073","Praver-Shapiro Sp...","","2018","FA"
"BOS","BOS","Craig Kimbrel","29","7","Traded","6.066","David Meter","4 yrs/$42M (14-17) & 18 team option","2019","FA"
"BOS","BOS","Robbie Ross","28","5","Traded","4.100","Bledsoe Brothers","","2019","FA"
"BOS","BOS","Joe Kelly","29","5","Traded","4.029","ACES (Sam & Seth ...","","2019","FA"
"BOS","BOS","Drew Pomeranz","28","6","Traded","4.013","Beverly Hills Spo...","","2019","FA"
"BOS","BOS","Hanley Ramirez","33","12","Free Agency","11.014","Adam Katz","4 yrs/$88M (15-18) & 19 vesting option","2020","FA"
"BOS","BOS","Rick Porcello","28","8","Traded","7.170","Excel Sports Mana...","4 yrs/$82.5M (16-19)","2020","FA"
"BOS","BOS","Brock Holt","29","5","Traded","3.052","LSW Baseball","","2020","FA"
"BOS","BOS","Xander Bogaerts","24","4","Amateur Free Agent","3.042","Scott Boras","","2020","FA"
"BOS","BOS","Bryan Holaday","29","5","Waivers","3.025","LSW Baseball","","2020","FA"
"BOS","BOS","Brandon Workman","28","2","Amateur Draft","3.018","CAA Sports (Jeff ...","","2020","FA"
"BOS","BOS","Pablo Sandoval","30","9","Free Agency","8.047","Beverly Hills Spo...","5 yrs/$95M (15-19) & 20 team option","2021","FA"
"BOS","BOS","Jackie Bradley","27","4","Amateur Draft","2.150","Scott Boras","","2021","FA"
"BOS","BOS","Sandy Leon","28","5","Purchased","2.149","","","2021","FA"
"BOS","BOS","Steven Wright","32","4","Traded","2.089","Ballengee Group","","2021","FA"
"BOS","BOS","Mookie Betts","24","3","Amateur Draft","2.070","The Legacy Agency","","2021","FA"
"BOS","BOS","Christian Vazquez","26","2","Amateur Draft","2.031","","","2021","FA"
"BOS","BOS","Carson Smith","27","3","Traded","2.028","ISE Baseball","","2021","FA"
"BOS","BOS","David Price","31","9","Free Agency","7.164","Bo McKinnis","7 yrs/$217M (16-22)","2022","$32M"
"BOS","BOS","Dustin Pedroia","33","11","Amateur Draft","10.041","ACES","6 yrs/$85M (16-21)","2022","FA"
"BOS","BOS","Blake Swihart","25","2","Amateur Draft","1.133","The Legacy Agency","","2022","FA"
"BOS","BOS","Eduardo Rodriguez","24","2","Traded","1.130","ISE Baseball","","2022","FA"
"BOS","BOS","Roenis Elias","28","3","Traded","1.119","ISE Baseball","","2022","FA"
"BOS","BOS","Matt Barnes","27","3","Amateur Draft","1.110","ISE Baseball","","2022","FA"
"BOS","BOS","Heath Hembree","28","4","Traded","1.106","Ballengee Group","","2022","FA"
"BOS","BOS","Travis Shaw","27","2","Amateur Draft","1.088","Pro Star Manageme...","","2022","FA"
"BOS","BOS","Deven Marrero","26","2","Amateur Draft","0.106","Scott Boras","","2022","Arb-3"
"BOS","BOS","Marco Hernandez","24","1st","Traded","0.105","","","2022","Arb-3"
"BOS","BOS","Noe Ramirez","27","2","Amateur Draft","0.102","Scott Boras","","2022","Arb-3"
"BOS","BOS","Henry Owens","24","2","Amateur Draft","0.100","CAA Sports","","2022","Arb-3"
"BOS","BOS","Andrew Benintendi","22","1st","Amateur Draft","0.062","","","2022","Arb-3"
"BOS","BOS","Bryce Brentz","28","2","Amateur Draft","0.061","","","2022","Arb-3"
"BOS","BOS","Yoan Moncada","22","1st","Amateur Free Agent","0.031","","","2022","Arb-3"
"BOS","BOS","Robby Scott","27","1st","Free Agency","0.031","","","2022","Arb-3"
"BOS","BOS","Brian Johnson","26","1st","Amateur Draft","0.012","Jet Sports Manage...","","2022","Arb-3"
"CHC","CHC","Miguel Montero","33","11","Traded","10.031","Octagon","6 yrs/$65.9M (12-17)","2018","FA"
"CHC","CHC","John Lackey","38","14","Free Agency","14.095","Steve Hilliard","2 yrs/$32M (16-17)","2018","FA"
"CHC","CHC","Pedro Strop","32","8","Traded","5.156","Praver-Shapiro Sp...","","2018","FA"
"CHC","CHC","Jake Arrieta","31","7","Traded","5.145","Boras Corporation","","2018","FA"
"CHC","CHC","Hector Rondon","29","4","Rule 5 Draft","4.000","Octagon","","2019","FA"
"CHC","CHC","Ben Zobrist","36","11","Free Agency","9.134","Alan Nero","4 yrs/$56M (16-19)","2020","FA"
"CHC","CHC","Justin Grimm","28","5","Traded","3.170","Bledsoe Brothers","","2020","FA"
"CHC","CHC","Jorge Soler","25","3","Amateur Free Agent","2.033","Praver-Shapiro Sp...","9 yrs/$30M (12-20)","2021","FA"
"CHC","CHC","Zac Rosscup","29","3","Traded","2.105","Rep 1 Baseball","","2021","FA"
"CHC","CHC","Tommy La Stella","28","3","Traded","2.102","Beverly Hills Spo...","","2021","FA"
"CHC","CHC","Kyle Hendricks","27","3","Traded","2.081","Wasserman Media G...","","2021","FA"
"CHC","CHC","Jon Lester","33","11","Free Agency","10.075","ACES (Sam & Seth ...","6 yrs/$155M (15-20) & 21 team option","2022","FA"
"CHC","CHC","Anthony Rizzo","27","6","Traded","4.168","Sports One Athlet...","7 yrs/$42M (13-19) & 20-21 team option","2022","FA"
"CHC","CHC","Kris Bryant","25","2","Amateur Draft","1.171","Scott Boras","","2022","FA"
"CHC","CHC","Addison Russell","23","2","Traded","1.167","Scott Boras","","2022","FA"
"CHC","CHC","Matt Szczur","27","3","Amateur Draft","1.134","Turner-Gary Sport...","","2022","FA"
"CHC","CHC","Javier Baez","24","3","Amateur Draft","1.089","Wasserman Media G...","","2022","FA"
"CHC","CHC","Mike Montgomery","27","2","Traded","1.089","TWC Sports","","2022","FA"
"CHC","CHC","Kyle Schwarber","24","2","Amateur Draft","1.086","Excel Sports Mana...","","2022","FA"
"CHC","CHC","Aaron Brooks","27","2","","1.070","Paragon Sports In...","","2022","FA"
"CHC","CHC","Jason Heyward","27","7","Free Agency","7.000","Excel Sports Mgmt","8 yrs/$184M (16-23)","2023","$22M"
"CHC","CHC","Jake Buchanan","27","3","Free Agency","0.137","Ballengee Group","","2023","FA"
"CHC","CHC","Carl Edwards","25","2","Traded","0.134","Ballengee Group","","2023","FA"
"CHC","CHC","Willson Contreras","25","1st","Amateur Free Agent","0.108","","","2023","FA"
"CHC","CHC","Conor Mullee","29","1st","","0.101","","","2023","FA"
"CHC","CHC","Jack Leathersich","26","1st","","0.091","","","2023","FA"
"CHC","CHC","Albert Almora","23","1st","Amateur Draft","0.073","","","2023","FA"
"CHC","CHC","Felix Pena","27","1st","Amateur Free Agent","0.045","","","2023","FA"
"CHC","CHC","Rob Zastryzny","25","1st","Amateur Draft","0.045","","","2023","FA"
"CHC","CHC","Jeimer Candelario","23","1st","Amateur Free Agent","0.006","","","2023","FA"
"CHC","CHC","Gerardo Concepcion","25","1st","Amateur Free Agent","0.006","","","2023","FA"
"CHW","CHW","Melky Cabrera","32","12","Free Agency","10.148","Dominic Torres","3 yrs/$42M (15-17)","2018","FA"
"CHW","CHW","Miguel Gonzalez","33","5","Free Agency","5.084","Sports Pro Servic...","","2018","FA"
"CHW","CHW","Todd Frazier","31","6","Traded","5.071","CAA Sports (Brodi...","","2018","FA"
"CHW","CHW","Brett Lawrie","27","6","Traded","5.055","CAA Sports (Joe U...","","2018","FA"
"CHW","CHW","David Robertson","32","9","Free Agency","8.070","Lapa/Leventhal","4 yrs/$46M (15-18)","2019","FA"
"CHW","CHW","James Shields","35","11","Traded","10.125","PSI Sports Manage...","4 yrs/$75M (15-18) & 19 team option","2020","FA"
"CHW","CHW","Chris Sale","28","7","Amateur Draft","6.061","BB Abbott","5 yrs/$32.5M (13-17) & 18-19 team option","2020","FA"
"CHW","CHW","Dan Jennings","30","5","Traded","3.171","","","2020","FA"
"CHW","CHW","Avisail Garcia","26","5","Traded","3.167","Octagon","","2020","FA"
"CHW","CHW","Zach Putnam","29","6","Free Agency","3.135","ISE Baseball","","2020","FA"
"CHW","CHW","Jake Petricka","29","4","Amateur Draft","3.044","Nick Brockmeyer","","2020","FA"
"CHW","CHW","Jose Abreu","30","3","Amateur Free Agent","3.000","ISE Baseball","","2020","FA"
"CHW","CHW","Jose Quintana","28","5","Free Agency","4.133","MDR Sports Manage...","5 yrs/$26.5M (14-18) & 19-20 team option","2021","FA"
"CHW","CHW","Adam Eaton","28","5","Traded","4.030","Diamond Sports Ma...","5 yrs/$23.5M (15-19) & 20-21 team option","2021","$0 [FA-*]"
"CHW","CHW","Nate Jones","31","5","Amateur Draft","5.000","Joe Speed","3 yrs/$8M (16-18) & 19-21 team/mutual option","2021","$0 [FA-*]"
"CHW","CHW","Leury Garcia","26","4","Traded","2.025","Rep 1 Baseball","","2021","FA"
"CHW","CHW","Tommy Kahnle","27","3","Traded","2.015","Ballengee Group","","2021","FA"
"CHW","CHW","Carlos Rodon","24","2","Amateur Draft","1.168","Scott Boras","","2021","Arb-4"
"CHW","CHW","Carlos Sanchez","25","3","Amateur Free Agent","1.134","Beverly Hill Spor...","","2021","Arb-3"
"CHW","CHW","Tyler Saladino","27","2","Amateur Draft","1.087","","","2021","Arb-3"
"CHW","CHW","Rymer Liriano","26","1st","","1.049","","","2021","Arb-3"
"CHW","CHW","Matt Davidson","26","2","Traded","0.145","CAA Sports","","2021","Arb-2"
"CHW","CHW","Tim Anderson","24","1st","Amateur Draft","0.115","","","2021","Arb-2"
"CHW","CHW","Matt Purke","26","1st","Free Agency","0.114","","","2021","Arb-2"
"CHW","CHW","Michael Ynoa","25","1st","Traded","0.113","","","2021","Arb-2"
"CHW","CHW","Omar Narvaez","25","1st","Rule 5 Draft","0.089","","","2021","Arb-2"
"CHW","CHW","Jason Coats","27","1st","Amateur Draft","0.082","","","2021","Arb-2"
"CHW","CHW","Chris Beck","26","2","Amateur Draft","0.074","","","2021","Arb-2"
"CHW","CHW","Charlie Tilson","24","1st","Traded","0.062","","","2021","Arb-2"
"CHW","CHW","Kevan Smith","29","1st","Amateur Draft","0.061","","","2021","Arb-2"
"CHW","CHW","Carson Fulmer","23","1st","Amateur Draft","0.033","","","2021","Arb-2"
"CHW","CHW","Juan Minaya","26","1st","Waivers","0.032","","","2021","Arb-2"
"CHW","CHW","Giovanni Soto","26","1st","","0.031","","","2021","Arb-2"
"CHW","CHW","Blake Smith","29","1st","Rule 5 returned","0.027","","","2021","Arb-2"
"CHW","CHW","Tyler Danish","22","1st","Amateur Draft","0.005","","","2021","Arb-2"
"CIN","CIN","Brandon Phillips","36","15","Traded","12.022","ACES","10 yrs/$98M (08-17)","2018","FA"
"CIN","CIN","Zack Cozart","31","6","Amateur Draft","5.084","Excel Sports Mana...","","2018","FA"
"CIN","CIN","Devin Mesoraco","29","6","Amateur Draft","5.028","Jet Sports Manage...","4 yrs/$28M (15-18)","2019","FA"
"CIN","CIN","Blake Wood","31","5","Free Agency","4.131","Sports One Athlet...","","2019","FA"
"CIN","CIN","Tony Cingrani","27","5","Amateur Draft","3.088","Dishman Sports Gr...","","2020","FA"
"CIN","CIN","Billy Hamilton","26","4","Amateur Draft","3.028","Wasserman Media G...","","2020","FA"
"CIN","CIN","Homer Bailey","31","10","Amateur Draft","8.017","Hendricks Sports","6 yrs/$105M (14-19) & 20 mutual option","2021","FA"
"CIN","CIN","Dan Straily","28","5","Waivers","2.126","Sosnick/Cobbe","","2021","FA"
"CIN","CIN","Tucker Barnhart","26","3","Amateur Draft","2.075","Ballengee Group","","2021","FA"
"CIN","CIN","Anthony DeSclafani","27","3","Traded","2.062","ISE Baseball","","2021","FA"
"CIN","CIN","Eugenio Suarez","25","3","Traded","2.061","Octagon","","2021","FA"
"CIN","CIN","Jumbo Diaz","33","3","Free Agency","2.020","Magnus Sports","","2021","FA"
"CIN","CIN","Raisel Iglesias","27","2","Amateur Free Agent","1.154","Magnus Sports","7 yrs/$27M (14-20)","2022","FA"
"CIN","CIN","Michael Lorenzen","25","2","Amateur Draft","1.159","","","2022","FA"
"CIN","CIN","Brandon Finnegan","24","3","Traded","1.107","","","2022","FA"
"CIN","CIN","Adam Duvall","28","3","Traded","1.096","CAA Sports","","2022","FA"
"CIN","CIN","Ramon Cabrera","27","2","Free Agency","1.016","Octagon","","2022","FA"
"CIN","CIN","Keyvius Sampson","26","2","Waivers","0.169","","","2023","FA"
"CIN","CIN","Tim Adleman","29","1st","Free Agency","0.155","","","2023","FA"
"CIN","CIN","Arismendy Alcantara","25","3","","0.145","","","2023","FA"
"CIN","CIN","Jose Peraza","23","2","Traded","0.141","","","2023","FA"
"CIN","CIN","Scott Schebler","26","2","Traded","0.132","","","2023","FA"
"CIN","CIN","Dilson Herrera","23","2","","0.119","Magnus Sports","","2023","FA"
"CIN","CIN","Cody Reed","24","1st","Traded","0.107","","","2023","FA"
"CIN","CIN","Tony Renda","26","1st","Traded","0.062","","","2023","FA"
"CIN","CIN","Steve Selsky","27","1st","Amateur Draft","0.043","","","2023","FA"
"CIN","CIN","Robert Stephenson","24","1st","Amateur Draft","0.036","","","2023","FA"
"CIN","CIN","Wandy Peralta","25","1st","Amateur Free Agent","0.031","","","2023","FA"
"CIN","CIN","Joey Votto","33","10","Amateur Draft","9.027","MVP Sports Group","10 yrs/$225M (14-23) & 24 team option","2024","$7M [FA-*]"
"CLE","CLE","Carlos Santana","31","7","Traded","6.115","Wasserman Media G...","6 yrs/$31.8M (12-17)","2018","FA"
"CLE","CLE","Bryan Shaw","29","6","Traded","5.081","Rowley Sports Man...","","2018","FA"
"CLE","CLE","Andrew Miller","32","11","Traded","8.062","Mark Rodgers","4 yrs/$36M (15-18)","2019","FA"
"CLE","CLE","Michael Brantley","30","8","Traded","6.131","Double Diamond Sp...","4 yrs/$25M (14-17) & 18 team option","2019","FA"
"CLE","CLE","Josh Tomlin","32","7","Amateur Draft","6.033","SSG Baseball","2 yrs/$5.5M (16-17) & 18 team option","2019","FA"
"CLE","CLE","Lonnie Chisenhall","28","6","Amateur Draft","4.158","Turner-Gary Sport...","","2019","FA"
"CLE","CLE","Zach McAllister","29","6","Traded","4.077","Excel Sports Mana...","","2019","FA"
"CLE","CLE","Cody Allen","28","5","Amateur Draft","4.076","Meister Sports Ma...","","2019","FA"
"CLE","CLE","Brandon Guyer","31","5","Traded","4.066","ISE Baseball","","2019","FA"
"CLE","CLE","Jeff Manship","32","8","Free Agency","3.130","Scott Boras","","2020","FA"
"CLE","CLE","Dan Otero","32","5","Purchased","3.124","ACES","","2020","FA"
"CLE","CLE","Guillermo Quiroz","35","10","","3.013","","","2020","FA"
"CLE","CLE","Jason Kipnis","30","6","Amateur Draft","5.069","Beverly Hills Spo...","6 yrs/$52.5M (14-19) & 20 team option","2021","FA"
"CLE","CLE","Corey Kluber","31","6","Traded","4.074","Jet Sports Manage...","5 yrs/$38.5M (15-19) & 20-21 team option","2021","$0 [FA-*]"
"CLE","CLE","Yan Gomes","29","5","Traded","4.083","Jet Sports Manage...","6 yrs/$23M (14-19) & 20-21 team option","2021","$0 [FA-*]"
"CLE","CLE","Carlos Carrasco","30","7","Traded","5.147","ACES (Sam & Seth ...","4 yrs/$22M (15-18) & 19-20 team option","2021","FA"
"CLE","CLE","Danny Salazar","27","4","Amateur Free Agent","2.162","Octagon","","2021","FA"
"CLE","CLE","Trevor Bauer","26","5","Traded","2.158","Wasserman Media G...","","2021","FA"
"CLE","CLE","Roberto Perez","28","3","Amateur Draft","2.083","MDR Sports Manage...","","2021","FA"
"CLE","CLE","Jose Ramirez","24","4","Amateur Free Agent","2.074","Beverly Hills Spo...","","2021","FA"
"CLE","CLE","Abraham Almonte","28","4","Traded","2.052","ISE Baseball","","2021","FA"
"CLE","CLE","Kyle Crockett","25","3","Amateur Draft","1.119","","","2021","Arb-3"
"CLE","CLE","Francisco Lindor","23","2","Amateur Draft","1.113","SportsMeter","","2021","Arb-3"
"CLE","CLE","Dan Robertson","31","3","","1.075","","","2021","Arb-3"
"CLE","CLE","Austin Adams","30","3","Amateur Draft","1.068","Beverly Hills Spo...","","2021","Arb-3"
"CLE","CLE","Cody Anderson","26","2","Amateur Draft","1.017","The Legacy Agency","","2021","Arb-3"
"CLE","CLE","Tyler Naquin","26","1st","Amateur Draft","0.163","","","2021","Arb-3"
"CLE","CLE","Edwin Escobar","25","2","","0.150","SPS Sports Group","","2021","Arb-3"
"CLE","CLE","Giovanny Urshela","25","1st","Amateur Free Agent","0.118","The Legacy Agency","","2021","Arb-2"
"CLE","CLE","Jesus Aguilar","27","3","Amateur Free Agent","0.082","Beverly Hills Spo...","","2021","Arb-2"
"CLE","CLE","Mike Clevinger","26","1st","Traded","0.079","","","2021","Arb-2"
"CLE","CLE","Shawn Armstrong","26","2","Amateur Draft","0.074","","","2021","Arb-2"
"CLE","CLE","Joseph Colon","27","1st","Amateur Draft","0.072","","","2021","Arb-2"
"CLE","CLE","Erik Gonzalez","25","1st","Amateur Free Agent","0.053","","","2021","Arb-2"
"CLE","CLE","Perci Garner","28","1st","Free Agency","0.033","","","2021","Arb-2"
"CLE","CLE","Ryan Merritt","25","1st","Amateur Draft","0.032","","","2021","Arb-2"
"CLE","CLE","Tim Cooney","26","1st","","0.025","Ballengee Group","","2021","Arb-2"
"CLE","CLE","Adam Plutko","25","1st","Amateur Draft","0.013","","","2021","Arb-2"
"CLE","CLE","Shawn Morimando","24","1st","Amateur Draft","0.002","","","2021","Arb-2"
"COL","COL","Carlos Gonzalez","31","9","Traded","8.059","Scott Boras","7 yrs/$80M (11-17)","2018","FA"
"COL","COL","Jason Motte","35","8","Free Agency","8.027","ACES","2 yrs/$10M (16-17)","2018","FA"
"COL","COL","Chad Qualls","38","13","Free Agency","12.058","Matt Sosnick","2 yrs/$6M (16-17)","2018","FA"
"COL","COL","Jake McGee","30","7","Traded","5.127","Wasserman Media G...","","2018","FA"
"COL","COL","Tyler Chatwood","27","5","Traded","5.039","Bob Garber","","2018","FA"
"COL","COL","Jordan Lyles","26","6","Traded","5.021","Ballengee Group","","2018","FA"
"COL","COL","Gerardo Parra","30","8","Free Agency","7.145","ISE Baseball","3 yrs/$27.5M (16-18) & 19 team option","2019","$1.5M [FA-*]"
"COL","COL","Adam Ottavino","31","6","Waivers","5.087","ACES (Sam & Seth ...","3 yrs/$10.4M (16-18)","2019","FA"
"COL","COL","DJ LeMahieu","28","6","Traded","4.128","TWC Sports","2 yrs/$7.8M (16-17)","2019","FA"
"COL","COL","Charlie Blackmon","30","6","Amateur Draft","4.102","Sports One Athlet...","","2019","FA"
"COL","COL","Nolan Arenado","26","4","Amateur Draft","3.155","Wasserman Media G...","","2019","Arb-3"
"COL","COL","Chad Bettis","28","4","Amateur Draft","2.096","Sosnick/Cobbe","","2019","Arb-2"
"COL","COL","Chris Rusin","30","5","Waivers","2.092","Sports One Athlet...","","2019","Arb-2"
"COL","COL","Scott Oberg","27","2","Amateur Draft","1.081","Big League Manage...","","2019","Arb-1"
"COL","COL","Eddie Butler","26","3","Amateur Draft","1.074","Steve Canter","","2019","Arb-1"
"COL","COL","Tyler Anderson","27","1st","Amateur Draft","1.065","","","2019","Arb-1"
"COL","COL","Jairo Diaz","26","2","Traded","1.064","","","2019","Arb-1"
"COL","COL","Jon Gray","25","2","Amateur Draft","1.062","","","2019","Arb-1"
"COL","COL","Cristhian Adames","25","3","Amateur Free Agent","1.052","","","2019","Arb-1"
"COL","COL","Trevor Story","24","1st","Amateur Draft","1.000","","","2019","Arb-1"
"COL","COL","Tony Wolters","25","1st","Waivers","1.000","","","2019","Arb-1"
"COL","COL","Carlos Estevez","24","1st","Amateur Free Agent","0.162","","","2019","Arb-1"
"COL","COL","Miguel Castro","22","2","Traded","0.139","Magnus Sports","","2019","Pre-Arb-3"
"COL","COL","Dustin Garneau","29","2","Amateur Draft","0.124","Marc Kligman","","2019","Pre-Arb-3"
"COL","COL","David Dahl","23","1st","Amateur Draft","0.070","","","2019","Pre-Arb-3"
"COL","COL","Tom Murphy","26","2","Amateur Draft","0.055","Ballengee Group","","2019","Pre-Arb-3"
"COL","COL","Matt Carasiti","25","1st","Amateur Draft","0.052","","","2019","Pre-Arb-3"
"COL","COL","Jeff Hoffman","24","1st","Traded","0.044","","","2019","Pre-Arb-3"
"COL","COL","Stephen Cardullo","29","1st","Free Agency","0.038","","","2019","Pre-Arb-3"
"COL","COL","Raimel Tapia","23","1st","Amateur Free Agent","0.031","","","2019","Pre-Arb-3"
"COL","COL","German Marquez","22","1st","Traded","0.027","","","2019","Pre-Arb-3"
"COL","COL","Jordan Patterson","25","1st","Amateur Draft","0.027","","","2019","Pre-Arb-3"
"COL","COL","Pat Valaika","24","1st","Amateur Draft","0.027","","","2019","Pre-Arb-3"
"DET","DET","J.D. Martinez","29","6","Free Agency","5.036","Select Sports Gro...","2 yrs/$18.5M (16-17)","2018","FA"
"DET","DET","Francisco Rodriguez","35","15","Traded","13.115","Scott Boras","3 yrs/$17M (15-17)","2018","FA"
"DET","DET","Mike Pelfrey","33","11","Free Agency","9.122","Scott Boras","2 yrs/$16M (16-17)","2018","FA"
"DET","DET","Mark Lowe","34","11","Free Agency","8.159","Frye McCann Sport...","2 yrs/$11M (16-17)","2018","FA"
"DET","DET","Ian Kinsler","35","11","Traded","11.000","Jay Franklin","10 yrs/$96.5M (08-17) & 18 team option","2019","FA"
"DET","DET","Anibal Sanchez","33","11","Traded","10.099","Mato Sports Manag...","5 yrs/$80M (13-17) & 18 team option","2019","FA"
"DET","DET","Victor Martinez","38","14","Free Agency","13.114","Octagon","4 yrs/$68M (15-18)","2019","FA"
"DET","DET","Andrew Romine","31","7","Traded","4.049","Moye Sports Assoc...","","2019","FA"
"DET","DET","Jose Iglesias","27","5","Traded","4.036","Boras Corporation","","2019","FA"
"DET","DET","Justin Wilson","29","5","Traded","4.035","ACES (Sam & Seth ...","","2019","FA"
"DET","DET","Alex Wilson","30","4","Traded","3.038","Ballengee Group","","2020","FA"
"DET","DET","Bruce Rondon","26","3","Amateur Free Agent","3.037","ISE Baseball","","2020","FA"
"DET","DET","Nick Castellanos","25","4","Amateur Draft","3.029","SportsMeter","","2020","FA"
"DET","DET","Justin Verlander","34","12","Amateur Draft","11.002","ISE Baseball","10 yrs/$219.5M (10-19) & 20 vesting option","2021","FA"
"DET","DET","Jordan Zimmermann","31","8","Free Agency","7.154","ISE Baseball","5 yrs/$110M (16-20)","2021","FA"
"DET","DET","Anthony Gose","26","5","Traded","2.125","CAA Sports","","2021","FA"
"DET","DET","Shane Greene","28","3","Traded","2.075","Turner-Gary Sport...","","2021","FA"
"DET","DET","Blaine Hardy","30","3","Free Agency","2.037","Mike Mosa","","2021","FA"
"DET","DET","James McCann","27","3","Amateur Draft","2.028","Ballengee Group","","2021","FA"
"DET","DET","Justin Upton","29","10","Free Agency","9.060","Larry Reynolds","6 yrs/$132.75M (16-21)","2022","FA"
"DET","DET","Kyle Ryan","25","3","Amateur Draft","1.113","","","2022","FA"
"DET","DET","Tyler Collins","27","3","Amateur Draft","1.080","Beverly Hills Spo...","","2022","FA"
"DET","DET","Drew VerHagen","26","3","Amateur Draft","1.079","","","2022","FA"
"DET","DET","Daniel Norris","24","3","Traded","1.073","Excel Sports Mana...","","2022","FA"
"DET","DET","Buck Farmer","26","3","Amateur Draft","1.031","","","2022","FA"
"DET","DET","Matt Boyd","26","2","Traded","0.169","","","2023","FA"
"DET","DET","Michael Fulmer","24","1st","Traded","0.157","","","2023","FA"
"DET","DET","Steven Moya","25","3","Amateur Free Agent","0.130","ISE Baseball","","2023","FA"
"DET","DET","Angel Nesbitt","26","1st","Amateur Free Agent","0.105","","","2023","FA"
"DET","DET","Dixon Machado","25","2","Amateur Free Agent","0.075","Beverly Hills Spo...","","2023","FA"
"DET","DET","John Hicks","27","2","Waivers","0.069","","","2023","FA"
"DET","DET","Warwick Saupold","27","1st","Amateur Free Agent","0.068","","","2023","FA"
"DET","DET","JaCoby Jones","25","1st","Traded","0.034","","","2023","FA"
"DET","DET","Miguel Cabrera","34","14","Traded","13.101","ISE Baseball","8 yrs/$240M (16-23) & 24-25 vesting option","2025","$0 [FA-*]"
"HOU","HOU","Josh Reddick","30","8","","6.050","ACES (Sam & Seth ...","","2017","FA"
"HOU","HOU","Luke Gregerson","33","8","Free Agency","8.000","O'Connell Sports ...","3 yrs/$18.5M (15-17)","2018","FA"
"HOU","HOU","Tony Sipp","33","8","Free Agency","7.100","Bledsoe Brothers","3 yrs/$18M (16-18)","2019","FA"
"HOU","HOU","Charlie Morton","33","9","","8.010","Jet Sports Manage...","2 yrs/$14M (17-18)","2019","FA"
"HOU","HOU","Evan Gattis","30","4","Traded","4.000","The Legacy Agency","2 yrs/$8.4M (16-17)","2019","FA"
"HOU","HOU","Nori Aoki","35","5","","4.148","CAA Sports (Nez B...","","2019","FA"
"HOU","HOU","Marwin Gonzalez","28","5","Traded","4.133","Octagon","","2019","FA"
"HOU","HOU","Dallas Keuchel","29","5","Amateur Draft","4.089","Frontline","","2019","FA"
"HOU","HOU","Brian McCann","33","12","","11.117","BB Abbott","5 yrs/$85M (14-18) & 19 team option","2020","FA"
"HOU","HOU","Jose Altuve","27","6","Amateur Free Agent","5.072","Scott Boras","4 yrs/$12.5M (14-17) & 18-19 team option","2020","FA"
"HOU","HOU","Will Harris","32","5","Waivers","3.102","Gavin Kahn","","2020","FA"
"HOU","HOU","Mike Fiers","32","6","Traded","3.085","RMG Baseball","","2020","FA"
"HOU","HOU","Collin McHugh","30","5","Waivers","3.085","Moye Sports Assoc...","","2020","FA"
"HOU","HOU","Yulieski Gurriel","33","1st","Amateur Free Agent","0.043","","5 yrs/$47.5M (16-20)","2021","Arb"
"HOU","HOU","George Springer","27","3","Amateur Draft","2.166","The Legacy Agency","","2021","FA"
"HOU","HOU","Brad Peacock","29","5","Traded","2.165","ACES (Sam & Seth ...","","2021","FA"
"HOU","HOU","Jake Marisnick","26","4","Traded","2.145","Reynolds Sports M...","","2021","FA"
"HOU","HOU","Ken Giles","26","3","Traded","2.113","Rowley Sports Man...","","2021","FA"
"HOU","HOU","Lance McCullers","23","2","Amateur Draft","1.140","Scott Boras","","2021","Arb-3"
"HOU","HOU","Carlos Correa","22","2","Amateur Draft","1.119","The Legacy Agency","","2021","Arb-3"
"HOU","HOU","Preston Tucker","26","2","Amateur Draft","1.095","ISE Baseball","","2021","Arb-3"
"HOU","HOU","Michael Feliz","24","2","Free Agency","1.038","Octagon","","2021","Arb-3"
"HOU","HOU","Chris Devenski","26","1st","Traded","1.000","","","2021","Arb-3"
"HOU","HOU","Max Stassi","26","4","Traded","1.000","Wasserman Media G...","","2021","Arb-3"
"HOU","HOU","Kevin Chapman","29","4","Traded","0.157","ISE Baseball","","2021","Arb-3"
"HOU","HOU","Tyler White","26","1st","Amateur Draft","0.130","Ballengee Group","","2021","Arb-2"
"HOU","HOU","A.J. Reed","24","1st","Amateur Draft","0.100","","","2021","Arb-2"
"HOU","HOU","Tony Kemp","25","1st","Amateur Draft","0.097","","","2021","Arb-2"
"HOU","HOU","Alex Bregman","23","1st","Amateur Draft","0.070","","","2021","Arb-2"
"HOU","HOU","Joseph Musgrove","24","1st","Traded","0.063","","","2021","Arb-2"
"HOU","HOU","James Hoyt","30","1st","Traded","0.061","","","2021","Arb-2"
"HOU","HOU","Teoscar Hernandez","24","1st","Amateur Free Agent","0.052","","","2021","Arb-2"
"HOU","HOU","Jandel Gustave","24","1st","Rule 5 returned","0.036","","","2021","Arb-2"
"HOU","HOU","Colin Moran","24","1st","Traded","0.031","","","2021","Arb-2"
"HOU","HOU","Brady Rodgers","26","1st","Amateur Draft","0.031","","","2021","Arb-2"
"HOU","HOU","David Paulino","23","1st","Traded","0.027","","","2021","Arb-2"
"KCR","KCR","Wade Davis","31","8","Traded","7.032","Jet Sports Manage...","7 yrs/$35.1M (11-17)","2018","FA"
"KCR","KCR","Jason Vargas","34","11","Free Agency","9.114","CAA Sports (Nez B...","4 yrs/$32M (14-17)","2018","FA"
"KCR","KCR","Alcides Escobar","30","9","Traded","7.082","The Legacy Agency","6 yrs/$21.75M (12-17)","2018","FA"
"KCR","KCR","Lorenzo Cain","31","7","Traded","5.074","Joshua Kusnick","2 yrs/$17.5M (16-17)","2018","FA"
"KCR","KCR","Mike Moustakas","28","6","Amateur Draft","5.111","Scott Boras","2 yrs/$14.3M (16-17)","2018","FA"
"KCR","KCR","Eric Hosmer","27","6","Amateur Draft","5.146","Scott Boras","","2018","FA"
"KCR","KCR","Jarrod Dyson","32","7","Amateur Draft","5.088","CSE","","2018","FA"
"KCR","KCR","Danny Duffy","28","6","Amateur Draft","5.085","ACES (Sam & Seth ...","","2018","FA"
"KCR","KCR","Chris Young","38","12","Free Agency","10.162","Jon Fetterolf","2 yrs/$11.5M (16-17) & 18 team option","2019","FA"
"KCR","KCR","Mike Minor","29","5","","5.138","Jet Sports Manage...","2 yrs/$7.25M (16-17) & 18 mutual option","2019","FA"
"KCR","KCR","Drew Butera","33","7","Free Agency","6.018","David Schwartz","2 yrs/$3.8M (17-18)","2019","FA"
"KCR","KCR","Kelvin Herrera","27","6","Amateur Free Agent","4.157","Beverly Hills Spo...","","2019","FA"
"KCR","KCR","Joakim Soria","33","9","Free Agency","10.000","Oscar Suarez","3 yrs/$25M (16-18) & 19 team option","2020","FA"
"KCR","KCR","Alex Gordon","33","10","Free Agency","9.092","Casey Close","4 yrs/$72M (16-19) & 20 mutual option","2021","FA"
"KCR","KCR","Ian Kennedy","32","10","Free Agency","7.124","Scott Boras","5 yrs/$70M (16-20)","2021","FA"
"KCR","KCR","Salvador Perez","27","6","Amateur Free Agent","5.050","Beverly Hills Spo...","5 yrs/$52.5M (17-21)","2021","$14.2M"
"KCR","KCR","Yordano Ventura","26","4","Amateur Free Agent","3.013","ISE Baseball","5 yrs/$23M (15-19) & 20-21 team option","2021","$0 [FA-*]"
"KCR","KCR","Billy Burns","27","3","Traded","2.020","All Bases Covered","","2021","FA"
"KCR","KCR","Christian Colon","28","3","Amateur Draft","2.008","Boras Corporation","","2021","FA"
"KCR","KCR","Paulo Orlando","31","2","Traded","1.137","Rep 1 Baseball","","2021","Arb-3"
"KCR","KCR","Brian Flynn","27","3","Traded","1.135","","","2021","Arb-3"
"KCR","KCR","Cheslor Cuthbert","24","2","Amateur Free Agent","1.030","Sports One Athlet...","","2021","Arb-3"
"KCR","KCR","Terrance Gore","26","3","Amateur Draft","0.129","","","2021","Arb-2"
"KCR","KCR","Whit Merrifield","28","1st","Amateur Draft","0.101","","","2021","Arb-2"
"KCR","KCR","Scott Alexander","27","2","Amateur Draft","0.097","","","2021","Arb-2"
"KCR","KCR","Raul Mondesi","21","1st","Amateur Free Agent","0.069","","","2021","Arb-2"
"KCR","KCR","Matt Strahm","25","1st","Amateur Draft","0.064","","","2021","Arb-2"
"KCR","KCR","Brooks Pounders","26","1st","Traded","0.051","","","2021","Arb-2"
"KCR","KCR","Miguel Almonte","24","1st","Amateur Free Agent","0.036","","","2021","Arb-2"
"KCR","KCR","Hunter Dozier","25","1st","Amateur Draft","0.031","","","2021","Arb-2"
"KCR","KCR","Kevin McCarthy","25","1st","Amateur Draft","0.027","","","2021","Arb-2"
"KCR","KCR","Alec Mills","25","1st","Amateur Draft","0.022","","","2021","Arb-2"
"LAA","LAA","Cameron Maybin","30","10","","7.073","Brian Goldberg, R...","6 yrs/$33M (12-17)","2018","FA"
"LAA","LAA","Yunel Escobar","34","10","Traded","9.121","Miami Sports Mana...","3 yrs/$19M (15-17)","2018","FA"
"LAA","LAA","Jesse Chavez","33","9","","6.108","Sosnick/Cobbe","1 yr/$5.75M (17)","2018","FA"
"LAA","LAA","Cliff Pennington","33","9","Free Agency","7.114","Matt Sosnick, Pau...","2 yrs/$3.75M (16-17)","2018","FA"
"LAA","LAA","Andrew Bailey","33","7","Free Agency","6.002","Hendricks Sports","1 yr/$1M (17)","2018","FA"
"LAA","LAA","Ricky Nolasco","34","11","Traded","10.142","Matt Sosnick","4 yrs/$49M (14-17) & 18 team option","2019","FA"
"LAA","LAA","Huston Street","33","12","Traded","12.000","Hendricks Sports ...","2 yrs/$18M (16-17) & 18 team option","2019","FA"
"LAA","LAA","Garrett Richards","29","6","Amateur Draft","4.148","ISE Baseball","","2019","FA"
"LAA","LAA","Kole Calhoun","29","5","Amateur Draft","3.130","PSI Sports Manage...","","2020","FA"
"LAA","LAA","Albert Pujols","37","16","Free Agency","16.000","Dan Lozano","10 yrs/$240M (12-21)","2021","$30M"
"LAA","LAA","Mike Trout","25","6","Amateur Draft","5.070","LSW Baseball","6 yrs/$144.5M (15-20)","2021","FA"
"LAA","LAA","Andrelton Simmons","27","5","Traded","4.125","ISE Baseball","7 yrs/$58M (14-20)","2021","FA"
"LAA","LAA","Matt Shoemaker","30","4","Amateur Free Agent","2.166","ISE Baseball","","2021","FA"
"LAA","LAA","Tyler Skaggs","25","4","Traded","2.135","CAA Sports","","2021","FA"
"LAA","LAA","C.J. Cron","27","3","Amateur Draft","2.110","Moye Sports Assoc...","","2021","FA"
"LAA","LAA","Mike Morin","26","3","Amateur Draft","2.110","Meister Sports Ma...","","2021","FA"
"LAA","LAA","Jose Alvarez","28","4","Traded","2.059","Wasserman Media G...","","2021","FA"
"LAA","LAA","Gregorio Petit","32","5","Free Agency","2.027","Benny Quintero,To...","","2021","FA"
"LAA","LAA","Kirby Yates","30","3","","2.026","Beverly Hills Spo...","","2021","FA"
"LAA","LAA","Cam Bedrosian","25","3","Amateur Draft","1.153","","","2021","Arb-4"
"LAA","LAA","Andrew Heaney","26","3","Traded","1.150","Icon Sports Manag...","","2021","Arb-4"
"LAA","LAA","Carlos Perez","26","2","Traded","1.144","TLA Worldwide","","2021","Arb-3"
"LAA","LAA","J.C. Ramirez","28","3","Waivers","1.139","Octagon","","2021","Arb-3"
"LAA","LAA","Nick Tropeano","26","3","Traded","1.068","Bledsoe Brothers","","2021","Arb-3"
"LAA","LAA","Deolis Guerra","28","2","Rule 5 Draft","1.063","","","2021","Arb-3"
"LAA","LAA","Jefry Marte","26","2","Traded","1.034","","","2021","Arb-3"
"LAA","LAA","Jett Bandy","27","2","Amateur Draft","1.000","","","2021","Arb-3"
"LAA","LAA","Ji-Man Choi","26","1st","Rule 5 Draft","0.129","Gman Sports Manag...","","2021","Arb-2"
"LAA","LAA","Kaleb Cowart","25","2","Amateur Draft","0.099","ISE Baseball","","2021","Arb-2"
"LAA","LAA","Greg Mahle","24","1st","Amateur Draft","0.059","","","2021","Arb-2"
"LAA","LAA","Daniel Wright","26","1st","Waivers","0.050","","","2021","Arb-2"
"LAA","LAA","Alex Meyer","27","2","Traded","0.047","Scott Boras","","2021","Arb-2"
"LAA","LAA","Cody Ege","26","1st","Waivers","0.040","","","2021","Arb-2"
"LAA","LAA","Juan Graterol","28","1st","Free Agency","0.037","","","2021","Arb-2"
"LAA","LAA","Ashur Tolliver","29","1st","","0.014","","","2021","Arb-2"
"LAA","LAA","Vicente Campos","24","1st","","0.006","","","2021","Arb-2"
"LAD","LAD","Adrian Gonzalez","35","13","Traded","11.108","John Boggs","7 yrs/$154M (12-18)","2019","FA"
"LAD","LAD","Andre Ethier","35","11","Traded","10.153","CAA Sports (Nez B...","6 yrs/$95.95M (12-17) & 18 vesting option","2019","FA"
"LAD","LAD","Brandon McCarthy","33","11","Free Agency","10.122","LSW Baseball","4 yrs/$48M (15-18)","2019","FA"
"LAD","LAD","Scott Kazmir","33","12","Free Agency","10.119","Greg Genske, Bria...","3 yrs/$48M (16-18)","2019","FA"
"LAD","LAD","Hyun-Jin Ryu","30","3","Purchased","4.000","Scott Boras","6 yrs/$36M (13-18)","2019","FA"
"LAD","LAD","Yasmani Grandal","28","5","Traded","4.115","The Legacy Agency","","2019","FA"
"LAD","LAD","Louis Coleman","31","6","Free Agency","4.018","Frontline","","2019","FA"
"LAD","LAD","Yasiel Puig","26","4","Amateur Free Agent","3.102","Wasserman Media G...","7 yrs/$42M (12-18)","2020","FA"
"LAD","LAD","Scott Van Slyke","30","5","Amateur Draft","3.151","James Kuzmich","","2020","FA"
"LAD","LAD","Luis Avilan","27","5","Traded","3.146","Morgan Advisors","","2020","FA"
"LAD","LAD","Chris Hatcher","32","7","Traded","3.146","Turner-Gary Sport...","","2020","FA"
"LAD","LAD","Alex Wood","26","4","Traded","3.123","ACES (Sam & Seth ...","","2020","FA"
"LAD","LAD","Josh Fields","31","4","Traded","3.092","Scott Boras","","2020","FA"
"LAD","LAD","Vidal Nuno","29","4","","3.015","Worldwide Career ...","","2020","FA"
"LAD","LAD","Clayton Kershaw","29","9","Amateur Draft","8.105","Excel Sports Mana...","7 yrs/$215M (14-20)","2021","FA"
"LAD","LAD","Darin Ruf","30","5","","2.138","CSE","","2021","FA"
"LAD","LAD","Pedro Baez","29","3","Amateur Free Agent","2.059","Kelvin Nova","","2021","FA"
"LAD","LAD","Charlie Culberson","28","4","Free Agency","2.056","Ballengee Group","","2021","FA"
"LAD","LAD","Enrique Hernandez","25","3","Traded","2.054","Rep 1 Baseball","","2021","FA"
"LAD","LAD","Joc Pederson","25","3","Amateur Draft","2.028","Excel Sports Mana...","","2021","FA"
"LAD","LAD","Yimi Garcia","26","3","Amateur Free Agent","2.004","Jackson Managemen...","","2021","FA"
"LAD","LAD","Adam Liberatore","30","2","Traded","1.106","Full Circle Sport...","","2022","FA"
"LAD","LAD","Carlos Frias","27","3","Amateur Free Agent","1.076","Rep 1 Baseball","","2022","FA"
"LAD","LAD","Trayce Thompson","26","2","Traded","1.063","Wasserman Media G...","","2022","FA"
"LAD","LAD","Josh Ravin","29","2","Free Agency","1.059","","","2022","FA"
"LAD","LAD","Chris Taylor","26","3","Traded","1.037","","","2022","FA"
"LAD","LAD","Corey Seager","23","2","Amateur Draft","1.032","Scott Boras","","2022","FA"
"LAD","LAD","Kenta Maeda","29","1st","Free Agency","1.000","","8 yrs/$25M (16-23)","2023","$3.12M"
"LAD","LAD","Austin Barnes","27","2","Traded","0.124","","","2023","FA"
"LAD","LAD","Ross Stripling","27","1st","Amateur Draft","0.115","","","2023","FA"
"LAD","LAD","Julio Urias","20","1st","Amateur Free Agent","0.099","","","2023","FA"
"LAD","LAD","Andrew Toles","25","1st","Free Agency","0.087","","","2023","FA"
"LAD","LAD","Micah Johnson","26","2","Traded","0.083","","","2023","FA"
"LAD","LAD","Grant Dayton","29","1st","Traded","0.074","","","2023","FA"
"LAD","LAD","Rob Segedin","28","1st","Traded","0.057","","","2023","FA"
"LAD","LAD","Brock Stewart","25","1st","Amateur Draft","0.037","","","2023","FA"
"LAD","LAD","Jose De Leon","24","1st","Amateur Draft","0.029","","","2023","FA"
"MIA","MIA","Ichiro Suzuki","43","16","Free Agency","16.000","John Boggs","2 yrs/$4M (16-17) & 18 team option","2019","FA"
"MIA","MIA","David Phelps","30","5","Traded","4.156","Arland Sports","","2019","FA"
"MIA","MIA","Adeiny Hechavarria","28","5","Traded","4.060","Praver-Shapiro Sp...","","2019","FA"
"MIA","MIA","A.J. Ramos","30","5","Amateur Draft","4.030","Sports One Athlet...","","2019","FA"
"MIA","MIA","Tom Koehler","31","5","Amateur Draft","4.016","Pro Agents, Inc.","","2019","FA"
"MIA","MIA","Martin Prado","33","11","Traded","9.105","Peter E. Greenber...","3 yrs/$40M (17-19)","2020","FA"
"MIA","MIA","Marcell Ozuna","26","4","Amateur Free Agent","3.124","Scott Boras","","2020","FA"
"MIA","MIA","Derek Dietrich","27","4","Traded","2.151","David Meter","","2021","FA"
"MIA","MIA","Justin Bour","29","3","Rule 5 Draft","2.064","Marc Kligman","","2021","FA"
"MIA","MIA","Miguel Rojas","28","3","Traded","2.043","Beverly Hills Spo...","","2021","FA"
"MIA","MIA","J.T. Realmuto","26","3","Amateur Draft","2.038","BBI Sports Group","","2021","FA"
"MIA","MIA","Dee Gordon","29","6","Traded","4.154","Beverly Hills Spo...","5 yrs/$50M (16-20) & 21 team option","2022","FA"
"MIA","MIA","Wei-Yin Chen","31","5","Free Agency","5.000","Scott Boras","2 yrs/$28M (16-17) & 18-21 player/vesting option","2022","FA"
"MIA","MIA","Odrisamer Despaigne","30","3","Waivers","1.166","Charisse Dash","","2022","FA"
"MIA","MIA","Adam Conley","27","2","Amateur Draft","1.070","CAA Sports","","2022","FA"
"MIA","MIA","Elvis Araujo","25","2","","1.067","The Legacy Agency","","2022","FA"
"MIA","MIA","Kyle Barraclough","27","2","Traded","1.059","","","2022","FA"
"MIA","MIA","Jose Urena","25","2","Amateur Free Agent","1.040","Rep 1 Baseball","","2022","FA"
"MIA","MIA","Hunter Cervenka","27","1st","Traded","1.000","","","2022","FA"
"MIA","MIA","Christian Yelich","25","4","Amateur Draft","3.069","Paragon Sports In...","7 yrs/$49.57M (15-21) & 22 team option","2023","FA"
"MIA","MIA","Justin Nicolino","25","2","Traded","0.155","West Coast Sport...","","2023","FA"
"MIA","MIA","Brian Ellington","26","2","Amateur Draft","0.144","","","2023","FA"
"MIA","MIA","Nick Wittgren","26","1st","Amateur Draft","0.143","","","2023","FA"
"MIA","MIA","Tomas Telis","26","3","Traded","0.134","","","2023","FA"
"MIA","MIA","Nefi Ogando","28","2","Waivers","0.123","","","2023","FA"
"MIA","MIA","Austin Brice","25","1st","Amateur Draft","0.042","","","2023","FA"
"MIA","MIA","Jake Esch","27","1st","Amateur Draft","0.033","","","2023","FA"
"MIA","MIA","Destin Hood","27","1st","Free Agency","0.032","","","2023","FA"
"MIA","MIA","Yefri Perez","26","1st","Amateur Free Agent","0.032","","","2023","FA"
"MIA","MIA","Tayron Guerrero","26","1st","","0.004","","","2023","FA"
"MIA","MIA","Giancarlo Stanton","27","7","Amateur Draft","6.118","Wasserman Media G...","13 yrs/$325M (15-27) & 28 team option","2028","$10M [FA-*]"
"MIL","MIL","Matt Garza","33","11","Free Agency","9.149","CAA Sports (Nez B...","4 yrs/$50M (14-17) & 18 vesting option","2019","FA"
"MIL","MIL","Chris Carter","30","7","Free Agency","4.159","Sports Management...","","2019","FA"
"MIL","MIL","Martin Maldonado","30","6","Free Agency","4.156","Praver-Shapiro Sp...","","2019","FA"
"MIL","MIL","Carlos Torres","34","7","Free Agency","4.114","Full Circle Sport...","","2019","FA"
"MIL","MIL","Wily Peralta","28","5","Amateur Free Agent","3.160","ACES (Sam & Seth ...","","2020","FA"
"MIL","MIL","Kirk Nieuwenhuis","29","5","Waivers","3.112","Paragon Sports In...","","2020","FA"
"MIL","MIL","Scooter Gennett","27","4","Amateur Draft","3.071","ISE Baseball","","2020","FA"
"MIL","MIL","Tyler Thornburg","28","5","Amateur Draft","3.057","ACES (Sam & Seth ...","","2020","FA"
"MIL","MIL","Ryan Braun","33","10","Amateur Draft","9.129","CAA Sports (Nez B...","5 yrs/$105M (16-20) & 21 mutual option","2021","$4M [FA-*]"
"MIL","MIL","Chase Anderson","29","3","Traded","2.146","Lagardere Unlimit...","","2021","FA"
"MIL","MIL","Jonathan Villar","26","4","Traded","2.113","MDR Sports Manage...","","2021","FA"
"MIL","MIL","Jimmy Nelson","28","4","Amateur Draft","2.107","CAA Sports","","2021","FA"
"MIL","MIL","Hernan Perez","26","5","Waivers","2.079","MDR Sports Manage...","","2021","FA"
"MIL","MIL","Michael Blazek","28","3","Traded","2.067","All Bases Covered...","","2021","FA"
"MIL","MIL","Rob Scahill","30","5","Waivers","2.066","Marc Kligman","","2021","FA"
"MIL","MIL","Blake Parker","32","4","","2.036","","","2021","FA"
"MIL","MIL","Corey Knebel","25","3","Traded","1.151","Excel Sports Mana...","","2021","Arb-4"
"MIL","MIL","Jhan Marinez","28","3","Purchased","1.095","Wasserman Media G...","","2021","Arb-3"
"MIL","MIL","Andrew Susac","27","3","Traded","1.092","The Legacy Agency","","2021","Arb-3"
"MIL","MIL","Domingo Santana","24","3","Traded","1.079","Wasserman Media G...","","2021","Arb-3"
"MIL","MIL","Manny Pina","30","3","","1.046","","","2021","Arb-3"
"MIL","MIL","Zach Davies","24","2","Traded","1.020","","","2021","Arb-3"
"MIL","MIL","Junior Guerra","32","2","Waivers","1.005","","","2021","Arb-3"
"MIL","MIL","Taylor Jungmann","27","2","Amateur Draft","1.000","Excel Sports Mana...","","2021","Arb-3"
"MIL","MIL","Tyler Cravy","27","2","Amateur Draft","0.146","All Bases Covered...","","2021","Arb-2"
"MIL","MIL","Keon Broxton","27","2","Traded","0.137","Reynolds Sports M...","","2021","Arb-2"
"MIL","MIL","Jacob Barnes","27","1st","Amateur Draft","0.123","","","2021","Arb-2"
"MIL","MIL","David Goforth","28","2","Amateur Draft","0.101","","","2021","Arb-2"
"MIL","MIL","Yadiel Rivera","25","2","Amateur Draft","0.093","","","2021","Arb-2"
"MIL","MIL","Orlando Arcia","22","1st","Amateur Free Agent","0.062","","","2021","Arb-2"
"MIL","MIL","Brent Suter","27","1st","Amateur Draft","0.045","","","2021","Arb-2"
"MIL","MIL","Damien Magnifico","26","1st","Amateur Draft","0.031","","","2021","Arb-2"
"MIL","MIL","Michael Reed","24","2","Amateur Draft","0.029","","","2021","Arb-2"
"MIL","MIL","Adrian Houser","24","1st","Traded","0.013","Players Edge Spor...","","2021","Arb-2"
"MIL","MIL","Jorge Lopez","24","1st","Amateur Draft","0.013","","","2021","Arb-2"
"MIN","MIN","Hector Santiago","29","6","Traded","5.016","Excel Sports Mana...","","2018","FA"
"MIN","MIN","Brandon Kintzler","32","7","Free Agency","5.003","","","2018","FA"
"MIN","MIN","Joe Mauer","34","13","Amateur Draft","13.000","Ron Shapiro","8 yrs/$184M (11-18)","2019","FA"
"MIN","MIN","Glen Perkins","34","11","Amateur Draft","9.010","ISE Baseball","4 yrs/$22.18M (14-17) & 18 team option","2019","FA"
"MIN","MIN","Brian Dozier","30","5","Amateur Draft","4.100","ABC Mgmt Leventha...","4 yrs/$20M (15-18)","2019","FA"
"MIN","MIN","Eduardo Escobar","28","6","Traded","4.128","MDR Sports Manage...","","2019","FA"
"MIN","MIN","Phil Hughes","31","10","Free Agency","9.113","CAA Sports (Nez B...","5 yrs/$58M (15-19)","2020","FA"
"MIN","MIN","Ervin Santana","34","12","Free Agency","11.104","Jay Alou/Bean Str...","4 yrs/$55M (15-18) & 19 team option","2020","FA"
"MIN","MIN","Byung Ho Park","30","1st","Free Agency","0.090","","4 yrs/$12M (16-19) & 20 team option","2020","$500k [Arb-*]"
"MIN","MIN","Kyle Gibson","29","4","Amateur Draft","3.056","Rowley Sports Man...","","2020","FA"
"MIN","MIN","Ryan Pressly","28","4","Rule 5 Draft","3.053","Ballengee Group","","2020","FA"
"MIN","MIN","Danny Santana","26","3","Amateur Free Agent","2.111","Rep 1 Baseball","","2020","Arb-3"
"MIN","MIN","Robbie Grossman","27","4","Free Agency","2.060","LSW Baseball","","2020","Arb-3"
"MIN","MIN","Trevor May","27","3","Traded","2.051","ISE Baseball","","2020","Arb-3"
"MIN","MIN","John Ryan Murphy","26","4","Traded","2.012","ISE Baseball","","2020","Arb-3"
"MIN","MIN","Michael Tonkin","27","4","Amateur Draft","2.005","Wasserman Media G...","","2020","Arb-3"
"MIN","MIN","Eddie Rosario","25","2","Amateur Draft","1.120","Gavin Kahn","","2020","Arb-2"
"MIN","MIN","Miguel Sano","24","2","Amateur Free Agent","1.095","Roc Nation Sports","","2020","Arb-2"
"MIN","MIN","Byron Buxton","23","2","Amateur Draft","1.064","Jet Sports Manage...","","2020","Arb-2"
"MIN","MIN","Kennys Vargas","26","3","Amateur Free Agent","1.064","Rep 1 Baseball","","2020","Arb-2"
"MIN","MIN","Tyler Duffey","26","2","Amateur Draft","1.042","Dishman Sports Gr...","","2020","Arb-2"
"MIN","MIN","Buddy Boshers","29","2","Free Agency","1.010","","","2020","Arb-2"
"MIN","MIN","Ryan O'Rourke","29","2","Amateur Draft","1.006","","","2020","Arb-2"
"MIN","MIN","Max Kepler","24","2","Amateur Free Agent","0.152","Matt Sosnick,Paul...","","2020","Arb-2"
"MIN","MIN","Taylor Rogers","26","1st","Amateur Draft","0.145","","","2020","Arb-1"
"MIN","MIN","Jorge Polanco","23","3","Amateur Free Agent","0.105","ISE Baseball","","2020","Arb-1"
"MIN","MIN","Jose Berrios","23","1st","Amateur Draft","0.074","","","2020","Arb-1"
"MIN","MIN","J.T. Chargois","26","1st","Amateur Draft","0.057","","","2020","Arb-1"
"MIN","MIN","Pat Light","26","1st","Traded","0.054","","","2020","Arb-1"
"MIN","MIN","Adalberto Mejia","24","1st","Traded","0.001","","","2020","Arb-1"
"NYM","NYM","Jay Bruce","30","9","Traded","8.125","Matt Sosnick","7 yrs/$63M (11-17)","2018","FA"
"NYM","NYM","Curtis Granderson","36","13","Free Agency","11.077","Matt Brown","4 yrs/$60M (14-17)","2018","FA"
"NYM","NYM","Neil Walker","31","8","Traded","6.166","Hendricks Sports","1 yr/$17.2M (17)","2018","FA"
"NYM","NYM","Jose Reyes","34","14","Free Agency","13.052","Peter Greenberg","1 yr/$508k (17)","2018","FA"
"NYM","NYM","Lucas Duda","31","7","Amateur Draft","5.137","Beverly Hills Spo...","","2018","FA"
"NYM","NYM","Rene Rivera","33","8","Free Agency","5.070","MDR Sports Manage...","","2018","FA"
"NYM","NYM","Addison Reed","28","6","Traded","5.001","Wasserman Media G...","","2018","FA"
"NYM","NYM","Asdrubal Cabrera","31","10","Free Agency","9.027","Alan Nero","2 yrs/$18.5M (16-17) & 18 team option","2019","FA"
"NYM","NYM","Matt Harvey","28","4","Amateur Draft","4.072","Scott Boras","","2019","FA"
"NYM","NYM","Jeurys Familia","27","5","Amateur Free Agent","4.030","ACES (Sam & Seth ...","","2019","FA"
"NYM","NYM","David Wright","34","13","Amateur Draft","12.075","ACES","14 yrs/$192M (07-20)","2020","$12M"
"NYM","NYM","Juan Lagares","28","4","Amateur Free Agent","3.160","ACES (Sam & Seth ...","5 yrs/$23.03M (15-19)","2020","FA"
"NYM","NYM","Zack Wheeler","27","2","Traded","3.098","Jet Sports Manage...","","2020","FA"
"NYM","NYM","Josh Edgin","30","4","Amateur Draft","3.097","McGinn Sports Age...","","2020","FA"
"NYM","NYM","Travis d'Arnaud","28","4","Traded","3.044","Wasserman Media G...","","2020","FA"
"NYM","NYM","Wilmer Flores","25","4","Amateur Free Agent","3.003","ACES (Sam & Seth ...","","2020","FA"
"NYM","NYM","Jacob deGrom","29","3","Amateur Draft","2.139","CAA Sports (Brodi...","","2020","Arb-4"
"NYM","NYM","Hansel Robles","26","2","Amateur Free Agent","2.000","TLA Worldwide","","2020","Arb-3"
"NYM","NYM","Noah Syndergaard","24","2","Traded","1.149","CAA Sports","","2020","Arb-3"
"NYM","NYM","Erik Goeddel","28","3","Amateur Draft","1.126","Sosnick/Cobbe","","2020","Arb-2"
"NYM","NYM","Steven Matz","26","2","Amateur Draft","1.099","Icon Sports Manag...","","2020","Arb-2"
"NYM","NYM","Rafael Montero","26","3","Amateur Free Agent","1.090","The Legacy Agency","","2020","Arb-2"
"NYM","NYM","Kevin Plawecki","26","2","Amateur Draft","1.087","ACES","","2020","Arb-2"
"NYM","NYM","Logan Verrett","27","2","Rule 5 returned","1.079","","","2020","Arb-2"
"NYM","NYM","Sean Gilmartin","27","2","Rule 5 Draft","1.054","Sports One Athlet...","","2020","Arb-2"
"NYM","NYM","Michael Conforto","24","2","Amateur Draft","1.043","Scott Boras","","2020","Arb-2"
"NYM","NYM","Matt Reynolds","26","1st","Amateur Draft","0.087","","","2020","Arb-1"
"NYM","NYM","Seth Lugo","27","1st","Amateur Draft","0.082","","","2020","Arb-1"
"NYM","NYM","Ty Kelly","28","1st","Free Agency","0.076","","","2020","Arb-1"
"NYM","NYM","Brandon Nimmo","24","1st","Amateur Draft","0.061","","","2020","Arb-1"
"NYM","NYM","T.J. Rivera","28","1st","Amateur Free Agent","0.054","","","2020","Arb-1"
"NYM","NYM","Josh Smoker","28","1st","Free Agency","0.046","","","2020","Arb-1"
"NYM","NYM","Robert Gsellman","23","1st","Amateur Draft","0.042","","","2020","Arb-1"
"NYM","NYM","Gabriel Ynoa","24","1st","Amateur Free Agent","0.038","","","2020","Arb-1"
"NYM","NYM","Gavin Cecchini","23","1st","Amateur Draft","0.027","","","2020","Arb-1"
"NYY","NYY","CC Sabathia","36","16","Free Agency","16.000","Greg Genske, Scot...","9 yrs/$202M (09-17)","2018","FA"
"NYY","NYY","Tyler Clippard","32","10","Traded","7.148","Excel Sports Mana...","2 yrs/$12.25M (16-17)","2018","FA"
"NYY","NYY","Michael Pineda","28","4","Traded","5.099","ISE Baseball","","2018","FA"
"NYY","NYY","Chase Headley","33","10","Traded","8.123","Hendricks Sports","4 yrs/$52M (15-18)","2019","FA"
"NYY","NYY","Adam Warren","29","5","Traded","4.036","Full Circle Sport...","","2019","FA"
"NYY","NYY","Brett Gardner","33","9","Amateur Draft","8.072","Pro Star Manageme...","4 yrs/$52M (15-18) & 19 team option","2020","FA"
"NYY","NYY","Didi Gregorius","27","5","Traded","3.159","Wasserman Media G...","","2020","FA"
"NYY","NYY","Dellin Betances","29","5","Amateur Draft","3.078","Hendricks Sports","","2020","FA"
"NYY","NYY","Austin Romine","28","5","Amateur Draft","3.045","Moye Sports Assoc...","","2020","FA"
"NYY","NYY","Aaron Hicks","27","4","Traded","3.041","CAA Sports","","2020","FA"
"NYY","NYY","Masahiro Tanaka","28","3","Free Agency","3.000","Casey Close","7 yrs/$155M (14-20)","2021","FA"
"NYY","NYY","Jacoby Ellsbury","33","10","Free Agency","9.037","Scott Boras","7 yrs/$153M (14-20) & 21 team option","2021","$5M [FA-*]"
"NYY","NYY","Starlin Castro","27","7","Traded","6.150","Rep 1 Baseball","8 yrs/$60.57M (12-19) & 20 team option","2021","FA"
"NYY","NYY","Tommy Layne","32","5","Free Agency","2.144","Platinum Sports","","2021","FA"
"NYY","NYY","Chasen Shreve","26","3","Traded","2.015","","","2021","FA"
"NYY","NYY","Bryan Mitchell","26","3","Amateur Draft","1.129","","","2021","Arb-3"
"NYY","NYY","Mason Williams","25","2","Amateur Draft","1.070","Bobby Barad","","2021","Arb-3"
"NYY","NYY","Greg Bird","24","1st","Amateur Draft","1.053","The Legacy Agency","","2021","Arb-3"
"NYY","NYY","Ronald Torreyes","24","2","Traded","1.022","","","2021","Arb-3"
"NYY","NYY","Luis Severino","23","2","Amateur Free Agent","0.170","Rep 1 Baseball","","2021","Arb-3"
"NYY","NYY","Nick Goody","25","2","Amateur Draft","0.160","","","2021","Arb-3"
"NYY","NYY","Rob Refsnyder","26","2","Amateur Draft","0.158","PSI Sports Manage...","","2021","Arb-3"
"NYY","NYY","Jacob Lindgren","24","1st","Amateur Draft","0.134","","","2021","Arb-2"
"NYY","NYY","Richard Bleier","30","1st","Free Agency","0.100","","","2021","Arb-2"
"NYY","NYY","Luis Cessa","25","1st","Traded","0.098","","","2021","Arb-2"
"NYY","NYY","Gary Sanchez","24","2","Amateur Free Agent","0.086","","","2021","Arb-2"
"NYY","NYY","Chad Green","26","1st","Traded","0.079","","","2021","Arb-2"
"NYY","NYY","Ben Heller","25","1st","Traded","0.053","","","2021","Arb-2"
"NYY","NYY","Tyler Austin","25","1st","Amateur Draft","0.051","","","2021","Arb-2"
"NYY","NYY","Aaron Judge","25","1st","Amateur Draft","0.051","","","2021","Arb-2"
"NYY","NYY","Johnny Barbato","24","1st","Traded","0.039","","","2021","Arb-2"
"NYY","NYY","Jonathan Holder","24","1st","Amateur Draft","0.031","","","2021","Arb-2"
"OAK","OAK","John Axford","34","8","Free Agency","6.170","Beverly Hills Spo...","2 yrs/$10M (16-17)","2018","FA"
"OAK","OAK","Yonder Alonso","30","7","Traded","5.116","MVP Sports Group","","2018","FA"
"OAK","OAK","Jed Lowrie","33","9","Traded","8.111","CAA Sports (Brodi...","3 yrs/$23M (15-17) & 18 team option","2019","FA"
"OAK","OAK","Ryan Madson","36","11","Free Agency","11.155","All Bases Covered","3 yrs/$22M (16-18)","2019","FA"
"OAK","OAK","Sean Doolittle","30","5","Amateur Draft","4.122","Jason Cook","5 yrs/$10.5M (14-18) & 19-20 team option","2020","$0 [FA-*]"
"OAK","OAK","Khris Davis","29","4","Traded","3.104","Octagon","","2020","FA"
"OAK","OAK","Stephen Vogt","32","5","Purchased","3.084","All Bases Covered","","2020","FA"
"OAK","OAK","Sonny Gray","27","4","Amateur Draft","3.061","Bo McKinnis","","2020","FA"
"OAK","OAK","Liam Hendriks","28","6","Traded","3.038","Beverly Hills Spo...","","2020","FA"
"OAK","OAK","Marcus Semien","26","4","Traded","2.118","Steve Canter","","2020","Arb-3"
"OAK","OAK","Josh Phegley","29","4","Traded","2.114","Pro Star Manageme...","","2020","Arb-3"
"OAK","OAK","Jake Smolinski","28","3","Waivers","2.016","Sosnick/Cobbe","","2020","Arb-3"
"OAK","OAK","Kendall Graveman","26","3","Traded","2.014","Sports One Athlet...","","2020","Arb-3"
"OAK","OAK","Mark Canha","28","2","Traded","2.000","CAA Sports","","2020","Arb-3"
"OAK","OAK","Jesse Hahn","27","3","Traded","1.150","Excel Sports Mana...","","2020","Arb-3"
"OAK","OAK","Chris Bassitt","28","3","Traded","1.127","Pro Star Manageme...","","2020","Arb-2"
"OAK","OAK","Chris Smith","36","4","Free Agency","1.054","","","2020","Arb-2"
"OAK","OAK","Ryan Brasier","29","1st","","1.041","","","2020","Arb-2"
"OAK","OAK","Ryan Dull","27","2","Amateur Draft","1.034","","","2020","Arb-2"
"OAK","OAK","Max Muncy","26","2","Amateur Draft","1.031","","","2020","Arb-2"
"OAK","OAK","Sean Manaea","25","1st","Traded","0.157","","","2020","Arb-2"
"OAK","OAK","Daniel Coulombe","27","3","Purchased","0.149","","","2020","Arb-2"
"OAK","OAK","Andrew Triggs","28","1st","Waivers","0.123","","","2020","Arb-1"
"OAK","OAK","Brett Eibner","28","1st","Traded","0.121","","","2020","Arb-1"
"OAK","OAK","Frankie Montas","24","1st","","0.106","Beverly Hills Spo...","","2020","Arb-1"
"OAK","OAK","Zach Neal","28","1st","Free Agency","0.103","","","2020","Arb-1"
"OAK","OAK","Ryon Healy","25","1st","Amateur Draft","0.080","","","2020","Arb-1"
"OAK","OAK","Daniel Mengden","24","1st","Traded","0.076","","","2020","Arb-1"
"OAK","OAK","Bruce Maxwell","26","1st","Amateur Draft","0.072","","","2020","Arb-1"
"OAK","OAK","Chad Pinder","25","1st","Amateur Draft","0.047","","","2020","Arb-1"
"OAK","OAK","Joey Wendle","27","1st","Traded","0.033","","","2020","Arb-1"
"OAK","OAK","Dillon Overton","25","1st","Amateur Draft","0.032","","","2020","Arb-1"
"OAK","OAK","Raul Alcantara","24","1st","Traded","0.028","","","2020","Arb-1"
"OAK","OAK","Jharel Cotton","25","1st","Traded","0.026","","","2020","Arb-1"
"OAK","OAK","Renato Nunez","23","1st","Amateur Free Agent","0.021","","","2020","Arb-1"
"OAK","OAK","Matt Olson","23","1st","Amateur Draft","0.021","","","2020","Arb-1"
"PHI","PHI","Howie Kendrick","33","11","","10.091","Larry Reynolds","2 yrs/$20M (16-17)","2018","FA"
"PHI","PHI","Pat Neshek","36","10","","8.159","Meister Sports Ma...","3 yrs/$18.5M (15-17)","2018","FA"
"PHI","PHI","Jeremy Hellickson","30","7","Traded","6.045","Boras Corporation","1 yr/$17.2M (17)","2018","FA"
"PHI","PHI","Jeanmar Gomez","29","7","Free Agency","5.063","Morgan Advisory G...","","2018","FA"
"PHI","PHI","Freddy Galvis","27","5","Amateur Free Agent","4.021","The Legacy Agency","","2019","FA"
"PHI","PHI","Cody Asche","27","4","Amateur Draft","3.045","Arland Sports","","2019","Arb-3"
"PHI","PHI","Cesar Hernandez","27","4","Amateur Free Agent","2.154","Octagon","","2019","Arb-3"
"PHI","PHI","Cameron Rupp","28","4","Amateur Draft","2.089","Octagon","","2019","Arb-2"
"PHI","PHI","Luis Garcia","30","4","Free Agency","2.017","Topline Sports an...","","2019","Arb-2"
"PHI","PHI","Odubel Herrera","25","2","Rule 5 Draft","2.000","Victor Tranquillo","","2019","Arb-2"
"PHI","PHI","Maikel Franco","24","3","Amateur Free Agent","1.170","BTI Sports","","2019","Arb-2"
"PHI","PHI","Hector Neris","28","3","Amateur Free Agent","1.104","","","2019","Arb-1"
"PHI","PHI","Vince Velasquez","25","2","Traded","1.086","Paragon Sports In...","","2019","Arb-1"
"PHI","PHI","Aaron Nola","24","2","Amateur Draft","1.076","Paragon Sports In...","","2019","Arb-1"
"PHI","PHI","Michael Mariot","28","3","Waivers","1.057","Arland Sports","","2019","Arb-1"
"PHI","PHI","Aaron Altherr","26","3","Amateur Draft","1.054","All Bases Covered...","","2019","Arb-1"
"PHI","PHI","Adam Morgan","27","2","Amateur Draft","1.054","CAA Sports","","2019","Arb-1"
"PHI","PHI","Jerad Eickhoff","26","2","Traded","1.045","The Legacy Agency","","2019","Arb-1"
"PHI","PHI","Tyler Goeddel","24","1st","Rule 5 Draft","1.000","","","2019","Arb-1"
"PHI","PHI","Tommy Joseph","25","1st","Traded","0.143","","","2019","Pre-Arb-3"
"PHI","PHI","Phil Klein","28","3","Waivers","0.137","Beverly Hills Spo...","","2019","Pre-Arb-3"
"PHI","PHI","Severino Gonzalez","24","2","Amateur Free Agent","0.127","The Legacy Agency","","2019","Pre-Arb-3"
"PHI","PHI","Zach Eflin","23","1st","Traded","0.111","","","2019","Pre-Arb-3"
"PHI","PHI","Edubray Ramos","24","1st","Free Agency","0.101","","","2019","Pre-Arb-3"
"PHI","PHI","Alec Asher","25","2","Traded","0.061","","","2019","Pre-Arb-3"
"PHI","PHI","Jake Thompson","23","1st","Traded","0.058","","","2019","Pre-Arb-3"
"PHI","PHI","Jorge Alfaro","24","1st","Traded","0.024","","","2019","Pre-Arb-3"
"PHI","PHI","Joely Rodriguez","25","1st","Traded","0.023","","","2019","Pre-Arb-3"
"PHI","PHI","Roman Quinn","24","1st","Amateur Draft","0.022","","","2019","Pre-Arb-3"
"PIT","PIT","Antonio Bastardo","31","8","Traded","7.054","The Legacy Agency","2 yrs/$12M (16-17)","2018","FA"
"PIT","PIT","John Jaso","33","8","Free Agency","7.032","ACES","2 yrs/$8M (16-17)","2018","FA"
"PIT","PIT","Tony Watson","32","6","Amateur Draft","5.101","Select Sports Gro...","","2018","FA"
"PIT","PIT","Juan Nicasio","30","6","Free Agency","5.084","World Sports Agen...","","2018","FA"
"PIT","PIT","Andrew McCutchen","30","8","Amateur Draft","7.123","Steve Hammond","6 yrs/$51.5M (12-17) & 18 team option","2019","FA"
"PIT","PIT","Chris Stewart","35","10","Traded","6.091","Jim Kuzmich","2 yrs/$3M (16-17) & 18 team option","2019","FA"
"PIT","PIT","Jared Hughes","31","6","Amateur Draft","4.162","SSG Baseball","","2019","FA"
"PIT","PIT","Jordy Mercer","30","5","Amateur Draft","4.095","The Legacy Agency","","2019","FA"
"PIT","PIT","Jeff Locke","29","6","Traded","4.020","ACES (Sam & Seth ...","","2019","FA"
"PIT","PIT","Francisco Cervelli","31","9","Traded","6.146","Beverly Hills Spo...","3 yrs/$31M (17-19)","2020","FA"
"PIT","PIT","David Freese","34","8","Free Agency","7.028","CAA Sports (Nez B...","2 yrs/$11M (17-18) & 19 team option","2020","FA"
"PIT","PIT","Drew Hutchison","26","4","Traded","3.165","ACES","","2020","FA"
"PIT","PIT","Wade LeBlanc","32","8","Traded","3.131","CAA Sports (Greg ...","","2020","FA"
"PIT","PIT","Gerrit Cole","26","4","Amateur Draft","3.111","Scott Boras","","2020","FA"
"PIT","PIT","Josh Harrison","29","6","Traded","5.033","Millenium Sports","4 yrs/$27.3M (15-18) & 19-20 team option","2021","FA"
"PIT","PIT","Jung Ho Kang","30","2","Free Agency","2.000","Octagon","4 yrs/$11M (15-18) & 19 team option","2021","FA"
"PIT","PIT","Eric Fryer","31","6","Waivers","2.108","Joe Speed","","2021","FA"
"PIT","PIT","Starling Marte","28","5","Amateur Free Agent","4.070","Peter E. Greenber...","6 yrs/$31M (14-19) & 20-21 team option","2022","FA"
"PIT","PIT","Felipe Rivero","25","2","Traded","1.162","The L. Warner Com...","","2022","FA"
"PIT","PIT","Jason Rogers","29","3","Traded","1.037","Rep 1 Baseball","","2022","FA"
"PIT","PIT","A.J. Schugel","28","2","Waivers","1.004","","","2022","FA"
"PIT","PIT","Gregory Polanco","25","3","Amateur Free Agent","2.103","Beverly Hills Spo...","5 yrs/$35M (17-21) & 22-23 team option","2023","$0 [FA-*]"
"PIT","PIT","Elias Diaz","26","2","Amateur Free Agent","0.167","","","2023","FA"
"PIT","PIT","Jameson Taillon","25","1st","Amateur Draft","0.110","","","2023","FA"
"PIT","PIT","Adam Frazier","25","1st","Amateur Draft","0.101","","","2023","FA"
"PIT","PIT","Chad Kuhl","24","1st","Amateur Draft","0.079","","","2023","FA"
"PIT","PIT","Tyler Glasnow","23","1st","Amateur Draft","0.066","","","2023","FA"
"PIT","PIT","Josh Bell","24","1st","Amateur Draft","0.053","","","2023","FA"
"PIT","PIT","Alen Hanson","24","1st","Amateur Free Agent","0.038","","","2023","FA"
"PIT","PIT","Steven Brault","25","1st","Traded","0.037","","","2023","FA"
"PIT","PIT","Trevor Williams","25","1st","Traded","0.027","","","2023","FA"
"PIT","PIT","Max Moroff","24","1st","Amateur Draft","0.004","","","2023","FA"
"SDP","SDP","Tyson Ross","30","7","Traded","5.126","Wasserman Media G...","","2018","FA"
"SDP","SDP","Alexi Amarista","28","6","Traded","5.040","Proformance","","2018","FA"
"SDP","SDP","Derek Norris","28","5","Traded","4.102","MVP Sports Group","","2019","FA"
"SDP","SDP","Hector Sanchez","27","6","Waivers","4.018","OL Baseball Group","","2019","FA"
"SDP","SDP","Carter Capps","26","4","","4.007","ISE Baseball","","2019","FA"
"SDP","SDP","Wil Myers","26","4","Traded","3.104","CAA (Jeff Berry)","","2020","FA"
"SDP","SDP","Brad Hand","27","6","Waivers","3.092","Matt Colleran","","2020","FA"
"SDP","SDP","Brandon Maurer","26","4","Traded","3.089","Frye McCann Sport...","","2020","FA"
"SDP","SDP","Christian Friedrich","29","4","Free Agency","3.046","Frontline","","2020","FA"
"SDP","SDP","Yangervis Solarte","29","3","Traded","3.000","The Legacy Agency","","2020","FA"
"SDP","SDP","Kevin Quackenbush","28","3","Amateur Draft","2.115","Full Circle Sport...","","2020","Arb-3"
"SDP","SDP","Jarred Cosart","27","4","Traded","2.113","Scott Boras","","2020","Arb-3"
"SDP","SDP","Robbie Erlin","26","4","Traded","2.078","Sosnick/Cobbe","","2020","Arb-3"
"SDP","SDP","Cory Spangenberg","26","3","Amateur Draft","2.028","Jet Sports Manage...","","2020","Arb-3"
"SDP","SDP","Christian Bethancourt","25","4","Traded","2.014","Scott Boras","","2020","Arb-3"
"SDP","SDP","Paul Clemens","29","3","Waivers","1.128","Ballengee Group","","2020","Arb-2"
"SDP","SDP","Jon Edwards","29","2","Traded","1.111","","","2020","Arb-2"
"SDP","SDP","Luis Sardinas","24","3","Traded","1.088","Beverly Hills Spo...","","2020","Arb-2"
"SDP","SDP","Colin Rea","26","2","Traded","1.055","Sterling Sports M...","","2020","Arb-2"
"SDP","SDP","Travis Jankowski","26","2","Amateur Draft","1.047","Excel Sports Mana...","","2020","Arb-2"
"SDP","SDP","Erik Johnson","27","4","Traded","1.039","Wasserman Media G...","","2020","Arb-2"
"SDP","SDP","Ryan Buchter","30","2","Free Agency","1.010","","","2020","Arb-2"
"SDP","SDP","Luis Perdomo","24","1st","Purchased","1.000","","","2020","Arb-2"
"SDP","SDP","Austin Hedges","24","2","Amateur Draft","0.166","Scott Boras","","2020","Arb-2"
"SDP","SDP","Cesar Vargas","25","1st","Free Agency","0.163","","","2020","Arb-2"
"SDP","SDP","Jose Pirela","27","3","Traded","0.150","","","2020","Arb-2"
"SDP","SDP","Alex Dickerson","27","2","Traded","0.146","","","2020","Arb-1"
"SDP","SDP","Keith Hessler","28","2","Waivers","0.130","","","2020","Arb-1"
"SDP","SDP","Buddy Baumann","29","1st","Free Agency","0.125","","","2020","Arb-1"
"SDP","SDP","Ryan Schimpf","29","1st","Free Agency","0.111","","","2020","Arb-1"
"SDP","SDP","Jabari Blash","27","1st","Traded","0.110","","","2020","Arb-1"
"SDP","SDP","Jose Rondon","23","1st","Traded","0.013","","","2020","Arb-1"
"SDP","SDP","Carlos Asuaje","25","1st","Traded","0.012","","","2020","Arb-1"
"SDP","SDP","Manuel Margot","22","1st","Traded","0.012","","","2020","Arb-1"
"SDP","SDP","Hunter Renfroe","25","1st","Amateur Draft","0.012","","","2020","Arb-1"
"SDP","SDP","Jose Torres","23","1st","Traded","0.012","","","2020","Arb-1"
"SEA","SEA","Carlos Ruiz","38","11","","10.069","Marc Kligman","4 yrs/$30M (14-17)","2018","FA"
"SEA","SEA","Seth Smith","34","10","Traded","8.119","Aegis Sports Mana...","3 yrs/$19.75M (15-17)","2018","FA"
"SEA","SEA","Steve Cishek","31","7","Free Agency","5.143","Jet Sports Manage...","2 yrs/$10M (16-17)","2018","FA"
"SEA","SEA","Danny Valencia","32","7","","5.118","MVP Sports Group ...","","2018","FA"
"SEA","SEA","Nelson Cruz","36","12","Free Agency","9.082","ISE Baseball","4 yrs/$57M (15-18)","2019","FA"
"SEA","SEA","Hisashi Iwakuma","36","5","Free Agency","5.000","Wasserman Media G...","2 yrs/$26M (16-17) & 18 team option","2019","FA"
"SEA","SEA","Leonys Martin","29","6","Traded","4.078","Richard Carter","","2019","FA"
"SEA","SEA","Jean Segura","27","5","","4.065","Bouza, Klein & Ka...","","2019","FA"
"SEA","SEA","Evan Scribner","31","6","Traded","3.142","All Bases Covered","","2020","FA"
"SEA","SEA","Nick Vincent","30","5","Traded","3.067","PSI Sports Manage...","","2020","FA"
"SEA","SEA","Felix Hernandez","31","12","Amateur Free Agent","11.060","Alan Nero","7 yrs/$175M (13-19) & 20 team option","2021","FA"
"SEA","SEA","Mike Zunino","26","4","Amateur Draft","2.165","Jet Sports Manage...","","2021","FA"
"SEA","SEA","James Paxton","28","4","Amateur Draft","2.151","Scott Boras","","2021","FA"
"SEA","SEA","Jesus Sucre","29","4","Free Agency","2.137","","","2021","FA"
"SEA","SEA","Arquimedes Caminero","30","4","Traded","2.060","Rep 1 Baseball","","2021","FA"
"SEA","SEA","Nate Karns","29","4","Traded","2.033","Kevin Hubbard","","2021","FA"
"SEA","SEA","Shawn O'Malley","29","3","Free Agency","1.032","TWC Sports","","2022","FA"
"SEA","SEA","Pat Venditte","32","2","Traded","1.017","Marc Kligman","","2022","FA"
"SEA","SEA","Tony Zych","26","2","Purchased","1.006","","","2022","FA"
"SEA","SEA","Robinson Cano","34","12","Free Agency","11.153","Roc Nation Sports","10 yrs/$240M (14-23)","2023","$24M"
"SEA","SEA","Kyle Seager","29","6","Amateur Draft","5.085","Jet Sports Manage...","7 yrs/$100M (15-21) & 22 team option","2023","FA"
"SEA","SEA","Edwin Diaz","23","1st","Amateur Draft","0.121","","","2023","FA"
"SEA","SEA","Cody Martin","27","2","Waivers","0.115","Rowley Sports Man...","","2023","FA"
"SEA","SEA","Richie Shaffer","26","2","","0.103","ISE Baseball","","2023","FA"
"SEA","SEA","Ryan Weber","26","2","","0.097","The L. Warner Com...","","2023","FA"
"SEA","SEA","Dean Kiekhefer","28","1st","","0.084","","","2023","FA"
"SEA","SEA","Zac Curtis","24","1st","","0.071","","","2023","FA"
"SEA","SEA","James Pazos","26","2","","0.067","","","2023","FA"
"SEA","SEA","Ariel Miranda","28","1st","Traded","0.061","","","2023","FA"
"SEA","SEA","Guillermo Heredia","26","1st","Amateur Free Agent","0.054","","","2023","FA"
"SEA","SEA","Taylor Motter","27","1st","","0.049","","","2023","FA"
"SEA","SEA","Mitch Haniger","26","1st","","0.048","","","2023","FA"
"SEA","SEA","Jonathan Aro","26","2","Traded","0.045","Excess Sports Man...","","2023","FA"
"SEA","SEA","Ben Gamel","25","1st","Traded","0.042","","","2023","FA"
"SEA","SEA","Mike Freeman","29","1st","Waivers","0.038","","","2023","FA"
"SEA","SEA","Dan Altavilla","24","1st","Amateur Draft","0.037","","","2023","FA"
"SEA","SEA","Dan Vogelbach","24","1st","Traded","0.021","","","2023","FA"
"SEA","SEA","Zach Lee","25","1st","","0.011","","","2023","FA"
"SFG","SFG","Eduardo Nunez","30","7","Traded","5.090","ISE Baseball","","2018","FA"
"SFG","SFG","Matt Cain","32","12","Amateur Draft","11.038","CAA Sports","8 yrs/$139.75M (10-17) & 18 team option","2019","FA"
"SFG","SFG","Hunter Pence","34","10","Traded","9.156","Rick Thurman,BHSC","5 yrs/$90M (14-18)","2019","FA"
"SFG","SFG","Matt Moore","28","6","Traded","5.000","Sosnick/Cobbe","","2019","FA"
"SFG","SFG","Conor Gillaspie","29","7","Free Agency","4.028","Hendricks Sports","","2019","FA"
"SFG","SFG","Madison Bumgarner","27","8","Amateur Draft","6.127","Excel Sports Mana...","6 yrs/$35.56M (12-17) & 18-19 team option","2020","FA"
"SFG","SFG","Denard Span","33","9","Free Agency","8.111","Boras Corporation","3 yrs/$31M (16-18) & 19 team option","2020","FA"
"SFG","SFG","George Kontos","32","6","Traded","3.171","ACES (Sam & Seth ...","","2020","FA"
"SFG","SFG","Will Smith","27","5","Traded","3.155","CAA Sports","","2020","FA"
"SFG","SFG","Cory Gearrin","31","5","Free Agency","3.136","Jason Dubin","","2020","FA"
"SFG","SFG","Jeff Samardzija","32","9","Free Agency","7.028","Wasserman Media G...","5 yrs/$90M (16-20)","2021","FA"
"SFG","SFG","Ehire Adrianza","27","4","Amateur Free Agent","2.131","ISE Baseball","","2021","FA"
"SFG","SFG","Joe Panik","26","3","Amateur Draft","2.100","Jet Sports Manage...","","2021","FA"
"SFG","SFG","Buster Posey","30","8","Amateur Draft","6.161","CAA Sports (Jeff ...","9 yrs/$164M (13-21)","2022","0"
"SFG","SFG","Johnny Cueto","31","9","Free Agency","9.000","Bryce Dixon","6 yrs/$130M (16-21) & 22 team option","2022","$5M [FA-*]"
"SFG","SFG","Brandon Belt","29","6","Amateur Draft","5.128","Excel Sports Mana...","6 yrs/$79M (16-21)","2022","FA"
"SFG","SFG","Brandon Crawford","30","6","Amateur Draft","5.094","Wasserman Media G...","6 yrs/$75M (16-21)","2022","FA"
"SFG","SFG","Hunter Strickland","28","3","Waivers","1.163","Sports One Athlet...","","2022","FA"
"SFG","SFG","Chris Heston","29","3","Amateur Draft","1.140","Marc Kligman","","2022","FA"
"SFG","SFG","Josh Osich","28","2","Amateur Draft","1.094","Ballengee Group","","2022","FA"
"SFG","SFG","Kelby Tomlinson","27","2","Amateur Draft","1.026","Sports Pro Servic...","","2022","FA"
"SFG","SFG","Trevor Brown","25","2","Amateur Draft","1.019","","","2022","FA"
"SFG","SFG","Gorkys Hernandez","29","3","","1.013","","","2022","FA"
"SFG","SFG","Derek Law","26","1st","Amateur Draft","1.000","","","2022","FA"
"SFG","SFG","Mac Williamson","26","2","Amateur Draft","0.151","","","2022","Arb-4"
"SFG","SFG","Jarrett Parker","28","2","Amateur Draft","0.143","CAA Sports","","2022","Arb-3"
"SFG","SFG","Albert Suarez","27","1st","Free Agency","0.125","","","2022","Arb-3"
"SFG","SFG","Steven Okert","25","1st","Amateur Draft","0.049","","","2022","Arb-3"
"SFG","SFG","Chris Stratton","26","1st","Amateur Draft","0.033","","","2022","Arb-3"
"SFG","SFG","Ty Blach","26","1st","Amateur Draft","0.032","","","2022","Arb-3"
"SFG","SFG","Orlando Calixte","25","1st","","0.018","","","2022","Arb-3"
"STL","STL","Jhonny Peralta","35","14","Free Agency","12.118","ISE Baseball","4 yrs/$53M (14-17)","2018","FA"
"STL","STL","Jaime Garcia","30","8","Amateur Draft","8.047","Melvin Roman","6 yrs/$50M (12-17)","2018","FA"
"STL","STL","Lance Lynn","30","5","Amateur Draft","5.119","Excel Sports Mana...","3 yrs/$22M (15-17)","2018","FA"
"STL","STL","Zach Duke","34","12","Traded","10.054","ISE Baseball","3 yrs/$15M (15-17)","2018","FA"
"STL","STL","Jonathan Broxton","33","12","Traded","11.020","BB Abbott","2 yrs/$7.5M (16-17)","2018","FA"
"STL","STL","Brayan Pena","35","12","Free Agency","9.081","Wasserman Media G...","2 yrs/$5M (16-17)","2018","FA"
"STL","STL","Adam Wainwright","35","11","Traded","11.027","Steve Hammond","5 yrs/$97.5M (14-18)","2019","FA"
"STL","STL","Yadier Molina","34","13","Amateur Draft","12.123","Melin Roman","10 yrs/$96.5M (08-17) & 18 team option","2019","FA"
"STL","STL","Trevor Rosenthal","27","5","Amateur Draft","4.058","Scott Boras","","2019","FA"
"STL","STL","Matt Adams","28","5","Amateur Draft","4.033","Wasserman Media G...","","2019","FA"
"STL","STL","Seth Maness","28","4","Amateur Draft","3.154","CAA Sports","","2020","FA"
"STL","STL","Kevin Siegrist","27","4","Amateur Draft","3.116","ISE Baseball","","2020","FA"
"STL","STL","Carlos Martinez","25","4","Free Agency","3.073","MVP Sports Group","","2020","FA"
"STL","STL","Michael Wacha","25","4","Amateur Draft","3.062","CAA Sports","","2020","FA"
"STL","STL","Mike Leake","29","7","Free Agency","7.000","Dan Horwits, BHSC","5 yrs/$80M (16-20) & 21 mutual option","2021","$5M [FA-*]"
"STL","STL","Matt Carpenter","31","6","Amateur Draft","5.012","SSG Baseball","6 yrs/$52M (14-19) & 20 team option","2021","FA"
"STL","STL","Jedd Gyorko","28","4","Traded","3.164","ACES (Sam & Seth ...","5 yrs/$35M (15-19) & 20 team option","2021","FA"
"STL","STL","Brett Cecil","30","8","","6.152","ACES (Sam & Seth ...","4 yrs/$30.5M (17-20)","2021","FA"
"STL","STL","Kolten Wong","26","4","Amateur Draft","3.045","PSI Sports Manage...","5 yrs/$25.5M (16-20) & 21 team option","2021","$1M [FA-*]"
"STL","STL","Aledmys Diaz","26","1st","Amateur Free Agent","1.000","","2 yrs/$5M (16-17)","2021","Arb"
"STL","STL","Tyler Lyons","29","4","Amateur Draft","2.070","Icon Sports Manag...","","2021","FA"
"STL","STL","Randal Grichuk","25","3","Traded","2.048","ISE Baseball","","2021","FA"
"STL","STL","Tommy Pham","29","3","Amateur Draft","1.129","The Legacy Agency","","2021","Arb-3"
"STL","STL","Greg Garcia","27","3","Amateur Draft","1.083","Pro Star Manageme...","","2021","Arb-3"
"STL","STL","Stephen Piscotty","26","2","Amateur Draft","1.076","CAA Sports","","2021","Arb-3"
"STL","STL","Miguel Socolovich","30","3","Free Agency","1.027","SPS Sports Group","","2021","Arb-3"
"STL","STL","Matthew Bowman","26","1st","Rule 5 Draft","1.000","","","2021","Arb-3"
"STL","STL","Seung-hwan Oh","34","1st","Free Agency","1.000","","","2021","Arb-3"
"STL","STL","Sam Tuivailala","24","3","Amateur Draft","0.128","","","2021","Arb-2"
"STL","STL","Todd Cunningham","28","3","","0.115","","","2021","Arb-2"
"STL","STL","Zach Phillips","30","4","","0.111","Matt Colleran","","2021","Arb-2"
"STL","STL","Kendry Flores","25","2","","0.071","","","2021","Arb-2"
"STL","STL","Alex Reyes","22","1st","Amateur Free Agent","0.055","","","2021","Arb-2"
"STL","STL","Luke Weaver","23","1st","Amateur Draft","0.051","","","2021","Arb-2"
"STL","STL","Marco Gonzales","25","2","Amateur Draft","0.043","CAA Sports","","2021","Arb-2"
"STL","STL","Carson Kelly","22","1st","Amateur Draft","0.029","","","2021","Arb-2"
"STL","STL","Mike Mayers","25","1st","Amateur Draft","0.028","","","2021","Arb-2"
"STL","STL","Jose Martinez","28","1st","Purchased","0.027","","","2021","Arb-2"
"STL","STL","Chad Huffman","32","1st","","0.022","SSG Baseball","","2021","Arb-2"
"TBR","TBR","Logan Forsythe","30","6","Traded","5.113","ACES (Sam & Seth ...","2 yrs/$10.25M (16-17) & 17 team option","2018","FA"
"TBR","TBR","Alex Cobb","29","5","Amateur Draft","5.061","ACES (Sam & Seth ...","","2018","FA"
"TBR","TBR","Drew Smyly","28","5","Traded","4.154","Frontline","","2019","FA"
"TBR","TBR","Erasmo Ramirez","27","5","Traded","3.158","ISE Baseball","","2020","FA"
"TBR","TBR","Brad Boxberger","29","5","Traded","3.109","Scott Boras","","2020","FA"
"TBR","TBR","Corey Dickerson","28","4","Traded","3.101","Excel Sports Mana...","","2020","FA"
"TBR","TBR","Brad Miller","27","4","Traded","3.094","ISE Baseball","","2020","FA"
"TBR","TBR","Xavier Cedeno","30","6","Purchased","3.060","MDR Sports Manage...","","2020","FA"
"TBR","TBR","Jake Odorizzi","27","5","Traded","3.042","Arland Sports","","2020","FA"
"TBR","TBR","Danny Farquhar","30","5","Traded","2.170","Sparta Group","","2021","FA"
"TBR","TBR","Tim Beckham","27","3","Amateur Draft","2.134","The Legacy Agency","","2021","FA"
"TBR","TBR","Kevin Kiermaier","27","4","Amateur Draft","2.131","Reynolds Sports M...","","2021","FA"
"TBR","TBR","Chase Whitley","28","3","Waivers","2.125","Beverly Hills Spo...","","2021","FA"
"TBR","TBR","Alex Colome","28","4","Amateur Free Agent","2.118","Beverly Hills Spo...","","2021","FA"
"TBR","TBR","Steven Souza","28","3","Traded","2.072","ACES","","2021","FA"
"TBR","TBR","Matt Duffy","26","3","Traded","2.059","TWC Sports","","2021","FA"
"TBR","TBR","Nick Franklin","26","4","Traded","2.027","Scott Boras","","2021","FA"
"TBR","TBR","Chris Archer","28","5","Traded","3.156","ISE Baseball","6 yrs/$25.5M (14-19) & 20-21 team option","2022","FA"
"TBR","TBR","Curt Casali","28","3","Traded","1.170","Beverly Hills Spo...","","2022","FA"
"TBR","TBR","Steve Geltz","29","4","Traded","1.124","Big League Manage...","","2022","FA"
"TBR","TBR","Enny Romero","26","3","Amateur Free Agent","1.072","Beverly Hills Spo...","","2022","FA"
"TBR","TBR","Matt Andriese","27","2","Traded","1.071","Beverly Hills Spo...","","2022","FA"
"TBR","TBR","Mikie Mahtook","27","2","Amateur Draft","1.011","CAA Sports","","2022","FA"
"TBR","TBR","Evan Longoria","31","9","Amateur Draft","8.170","Paul Cohen","15 yrs/$144.5M (08-22) & 23 team option","2023","$5M [FA-*]"
"TBR","TBR","Luke Maile","26","2","Amateur Draft","0.114","","","2023","FA"
"TBR","TBR","Blake Snell","24","1st","Amateur Draft","0.110","","","2023","FA"
"TBR","TBR","Ryan Garton","27","1st","Amateur Draft","0.097","","","2023","FA"
"TBR","TBR","Ryan Brett","25","1st","Amateur Draft","0.041","","","2023","FA"
"TBR","TBR","Dylan Floro","26","1st","Amateur Draft","0.040","","","2023","FA"
"TBR","TBR","Eddie Gamboa","32","1st","Free Agency","0.033","","","2023","FA"
"TEX","TEX","Yu Darvish","30","4","Purchased","5.000","Joel Wolfe & Nick...","6 yrs/$56M (12-17)","2018","FA"
"TEX","TEX","Jonathan Lucroy","31","7","Traded","6.136","Sports One Athlet...","6 yrs/$15.5M (12-17)","2018","FA"
"TEX","TEX","Andrew Cashner","30","7","","6.126","CAA Sports","1 yr/$10M (17)","2018","FA"
"TEX","TEX","Adrian Beltre","38","19","Free Agency","18.096","Scott Boras","2 yrs/$36M (17-18)","2019","FA"
"TEX","TEX","Robinson Chirinos","33","5","Purchased","4.103","MDR Sports Manage...","","2019","FA"
"TEX","TEX","Tanner Scheppers","30","5","Amateur Draft","4.094","The Legacy Agency","","2019","FA"
"TEX","TEX","Jake Diekman","30","5","Traded","4.050","Beverly Hills Spo...","","2019","FA"
"TEX","TEX","A.J. Griffin","29","3","Free Agency","4.034","The Legacy Agency","","2019","FA"
"TEX","TEX","Cole Hamels","33","11","Traded","10.143","John Boggs","7 yrs/$159M (12-18) & 19 team option","2020","FA"
"TEX","TEX","Jurickson Profar","24","3","Amateur Free Agent","3.124","Scott Boras","","2020","FA"
"TEX","TEX","Will Middlebrooks","28","5","","3.115","ISE Baseball","","2020","FA"
"TEX","TEX","Jeremy Jeffress","29","7","Traded","3.104","Double Diamond Sp...","","2020","FA"
"TEX","TEX","Shin-Soo Choo","34","12","Free Agency","9.119","Scott Boras","7 yrs/$130M (14-20)","2021","FA"
"TEX","TEX","Martin Perez","26","5","Amateur Free Agent","4.038","OL Baseball Group","4 yrs/$12.5M (14-17) & 18-20 team option","2021","FA"
"TEX","TEX","Sam Dyson","29","5","Traded","2.142","ISE Baseball","","2021","FA"
"TEX","TEX","Rougned Odor","23","3","Amateur Free Agent","2.121","Beverly Hills Spo...","","2021","FA"
"TEX","TEX","Nick Martinez","26","3","Amateur Draft","2.046","RMG Baseball","","2021","FA"
"TEX","TEX","Ryan Rua","27","3","Amateur Draft","2.008","Ballengee group","","2021","FA"
"TEX","TEX","Keone Kela","24","2","Amateur Draft","2.000","Wasserman Media G...","","2021","FA"
"TEX","TEX","Tony Barnette","33","1st","Free Agency","1.000","","2 yrs/$3.5M (16-17) & 18 team option","2022","FA"
"TEX","TEX","Delino DeShields","24","2","Rule 5 Draft","1.116","Wasserman Media G...","","2022","FA"
"TEX","TEX","Alex Claudio","25","3","Amateur Draft","1.114","MDR Sports Manage...","","2022","FA"
"TEX","TEX","David Rollins","27","2","","1.062","MSM Sports","","2022","FA"
"TEX","TEX","Hanser Alberto","24","2","Amateur Free Agent","1.023","ISE Baseball","","2022","FA"
"TEX","TEX","Nomar Mazara","22","1st","Amateur Free Agent","1.000","","","2022","FA"
"TEX","TEX","Elvis Andrus","28","8","Traded","8.000","Scott Boras","8 yrs/$118M (15-22) & 23 vesting option","2023","$0 [FA-*]"
"TEX","TEX","Allen Webster","27","3","","0.157","Wasserman Media G...","","2023","FA"
"TEX","TEX","Dario Alvarez","28","3","Traded","0.151","","","2023","FA"
"TEX","TEX","Matt Bush","31","1st","Free Agency","0.143","","","2023","FA"
"TEX","TEX","Doug Bernier","37","4","","0.127","","","2023","FA"
"TEX","TEX","Joey Gallo","23","2","Amateur Draft","0.103","Wasserman Media G...","","2023","FA"
"TEX","TEX","Luke Jackson","25","2","Amateur Draft","0.088","Beverly Hills Spo...","","2023","FA"
"TEX","TEX","Chi Chi Gonzalez","25","2","Amateur Draft","0.078","","","2023","FA"
"TEX","TEX","Andrew Faulkner","24","2","Amateur Draft","0.071","Ballengee Group","","2023","FA"
"TEX","TEX","Jared Hoying","28","1st","Amateur Draft","0.070","","","2023","FA"
"TEX","TEX","Brett Nicholas","28","1st","Amateur Draft","0.056","Ballengee group","","2023","FA"
"TEX","TEX","Jose Leclerc","23","1st","Amateur Free Agent","0.041","","","2023","FA"
"TEX","TEX","Yohander Mendez","22","1st","Amateur Free Agent","0.031","","","2023","FA"
"TEX","TEX","Tyler Wagner","26","2","","0.022","","","2023","FA"
"TOR","TOR","Kendrys Morales","34","10","","8.170","Wasserman Media G...","","2017","FA"
"TOR","TOR","Melvin Upton","32","12","Traded","10.126","Larry Reynolds","5 yrs/$72.25M (13-17)","2018","FA"
"TOR","TOR","Francisco Liriano","33","11","Traded","10.104","Greg Genske","3 yrs/$39M (15-17)","2018","FA"
"TOR","TOR","Marco Estrada","33","9","Free Agency","7.035","TWC Sports","2 yrs/$26M (16-17)","2018","FA"
"TOR","TOR","Jason Grilli","40","14","Traded","10.016","Gary Sheffield","3 yrs/$10.75M (15-17)","2018","FA"
"TOR","TOR","Darwin Barney","31","7","Traded","5.085","CAA Sports (Joe U...","","2018","FA"
"TOR","TOR","J.A. Happ","34","10","Free Agency","8.047","Jay Fee Sports Gr...","3 yrs/$36M (16-18)","2019","FA"
"TOR","TOR","Josh Donaldson","31","6","Traded","4.158","MVP Sports Group","2 yrs/$28.65M (16-17)","2019","FA"
"TOR","TOR","Aaron Loup","29","5","Amateur Draft","4.040","Beverly Hills Spo...","","2019","FA"
"TOR","TOR","Russell Martin","34","11","Free Agency","10.150","Matt Colleran","5 yrs/$82M (15-19)","2020","FA"
"TOR","TOR","Justin Smoak","30","7","Waivers","6.077","Dustin Bledsoe","2 yrs/$8.5M (17-18) & 19 team option","2020","FA"
"TOR","TOR","Ezequiel Carrera","30","6","Free Agency","3.039","The Legacy Agency","","2020","FA"
"TOR","TOR","Troy Tulowitzki","32","11","Traded","10.033","Paul Cohen","6 yrs/$118M (15-20) & 21 team option","2021","$4M [FA-*]"
"TOR","TOR","Marcus Stroman","26","3","Amateur Draft","2.148","The Legacy Agency","","2021","FA"
"TOR","TOR","Kevin Pillar","28","4","Amateur Draft","2.113","All Bases Covered","","2021","FA"
"TOR","TOR","Ryan Goins","29","4","Amateur Draft","2.106","Octagon","","2021","FA"
"TOR","TOR","Chris Colabello","33","4","Waivers","2.099","Big League Manage...","","2021","FA"
"TOR","TOR","Aaron Sanchez","24","3","Amateur Draft","2.069","West Coast Sport...","","2021","FA"
"TOR","TOR","Roberto Osuna","22","2","Free Agency","2.000","The Legacy Agency","","2021","FA"
"TOR","TOR","Devon Travis","26","2","Traded","2.000","Arland Sports","","2021","FA"
"TOR","TOR","Dominic Leone","25","3","","1.123","Mike McCann","","2021","Arb-3"
"TOR","TOR","Bo Schultz","31","3","Waivers","1.085","","","2021","Arb-3"
"TOR","TOR","Mike Bolsinger","29","3","","1.072","Lagardere Unlimit...","","2021","Arb-3"
"TOR","TOR","Ryan Tepera","29","2","Amateur Draft","1.008","","","2021","Arb-3"
"TOR","TOR","Joe Biagini","27","1st","Rule 5 Draft","1.000","","","2021","Arb-3"
"TOR","TOR","Darrell Ceciliani","27","2","Traded","0.127","PSI Sports Manage...","","2021","Arb-2"
"TOR","TOR","Dalton Pompey","24","3","Amateur Draft","0.119","CAA Sports","","2021","Arb-2"
"TOR","TOR","Leonel Campos","29","3","","0.089","","","2021","Arb-2"
"TOR","TOR","Chad Girodo","26","1st","Amateur Draft","0.043","","","2021","Arb-2"
"TOR","TOR","Danny Barnes","27","1st","Amateur Draft","0.039","","","2021","Arb-2"
"TOR","TOR","Andy Burns","26","1st","Amateur Draft","0.036","","","2021","Arb-2"
"TOR","TOR","Matt Dermody","26","1st","Amateur Draft","0.031","","","2021","Arb-2"
"WSN","WSN","Jayson Werth","38","14","Free Agency","13.102","Scott Boras","7 yrs/$126M (11-17)","2018","FA"
"WSN","WSN","Oliver Perez","35","14","Free Agency","12.144","Mike Fischlin, Sc...","2 yrs/$7M (16-17)","2018","FA"
"WSN","WSN","Chris Heisey","32","7","Free Agency","6.042","Sosnick/Cobbe","1 yr/$1.4M (17)","2018","FA"
"WSN","WSN","Ben Revere","29","7","Traded","5.149","Barry Meister","","2018","FA"
"WSN","WSN","Jose Lobaton","32","7","Traded","5.138","Athletes X","","2018","FA"
"WSN","WSN","Danny Espinosa","30","7","Amateur Draft","5.113","MVP Sports Group","","2018","FA"
"WSN","WSN","Gio Gonzalez","31","9","Traded","7.162","ACES (Sam & Seth ...","6 yrs/$53.5M (12-17) & 18 vesting option","2019","FA"
"WSN","WSN","Daniel Murphy","32","8","Free Agency","7.109","ACES","3 yrs/$37.5M (16-18)","2019","FA"
"WSN","WSN","Shawn Kelley","33","8","Free Agency","7.128","Mike McCann","3 yrs/$15M (16-18)","2019","FA"
"WSN","WSN","Bryce Harper","24","5","Amateur Draft","4.159","Scott Boras","","2019","FA"
"WSN","WSN","Anthony Rendon","27","4","Amateur Draft","3.130","Scott Boras","","2020","FA"
"WSN","WSN","Tanner Roark","30","4","Traded","3.055","Matt Colleran","","2020","FA"
"WSN","WSN","Ryan Zimmerman","32","12","Amateur Draft","11.032","CAA Sports (Brodi...","11 yrs/$135M (09-19) & 20 team option","2021","FA"
"WSN","WSN","Blake Treinen","29","3","Traded","2.065","Sosnick/Cobbe","","2021","FA"
"WSN","WSN","Clint Robinson","32","4","Free Agency","2.028","ACES","","2021","FA"
"WSN","WSN","Michael Taylor","26","3","Amateur Draft","2.010","","","2021","FA"
"WSN","WSN","Max Scherzer","32","9","Free Agency","8.079","Scott Boras","7 yrs/$210M (15-21)","2022","FA"
"WSN","WSN","Joe Ross","24","2","Traded","1.094","Wasserman Media G...","","2022","FA"
"WSN","WSN","Sammy Solis","28","2","Amateur Draft","1.084","CAA Sports","","2022","FA"
"WSN","WSN","Stephen Strasburg","28","7","Amateur Draft","6.118","Scott Boras","7 yrs/$175M (17-23)","2023","$45M"
"WSN","WSN","Trevor Gott","24","2","Traded","0.145","Sports One Athlet...","","2023","FA"
"WSN","WSN","Trea Turner","24","2","Traded","0.135","","","2023","FA"
"WSN","WSN","Wilmer Difo","25","2","Amateur Free Agent","0.110","","","2023","FA"
"WSN","WSN","Matt Grace","28","2","Amateur Draft","0.105","","","2023","FA"
"WSN","WSN","Pedro Severino","23","2","Amateur Free Agent","0.094","","","2023","FA"
"WSN","WSN","A.J. Cole","25","2","Traded","0.092","CAA Sports","","2023","FA"
"WSN","WSN","Rafael Martin","33","2","Free Agency","0.080","","","2023","FA"
"WSN","WSN","Koda Glover","24","1st","Amateur Draft","0.051","","","2023","FA"
"WSN","WSN","Brian Goodwin","26","1st","Amateur Draft","0.044","","","2023","FA"
"WSN","WSN","Reynaldo Lopez","23","1st","Amateur Free Agent","0.044","","","2023","FA"
"WSN","WSN","Lucas Giolito","22","1st","Amateur Draft","0.039","","","2023","FA"
"WSN","WSN","Spencer Kieboom","26","1st","","0.006","","","2023","FA"
