PlayerId,Name,Team,Acquired,Division,controlled_years,war_under_control,salary_under_control,surplus_value_under_control,aav,war_per_year_of_control
404,CC Sabathia,NYY,Free Agency,AL East,1,0.5,8,-4.007142400000001,8,0.5
494,Fernando Rodney,OAK,Traded,AL West,1,-1,5.2,-13.191713920000002,5.2,-1
785,Todd Frazier,NYM,Free Agency,NL East,1,1.4,9,2.0150848000000003,9,1.4
1118,Marco Estrada,OAK,Free Agency,AL West,1,-0,4,-4.22816128,4,0
1157,Tommy Hunter,PHI,Free Agency,NL East,1,-0.1,9,-9.59778432,9,-0.1
1177,Albert Pujols,LAA,Free Agency,AL West,3,-7.2,85.1,-145.097747249248,28.366666666666664,-2.4
1247,Adam Ottavino,NYY,Free Agency,AL East,3,-0.7,26.4,-32.286813277468795,8.799999999999999,-0.2
1433,Wilson Ramos,NYM,Free Agency,NL East,2,1.8,17.3,-3.036241147200001,8.65,0.9
1581,Sean Doolittle,WSN,Traded,NL East,1,0.7,6,-0.5771321600000006,6,0.7
1744,Miguel Cabrera,DET,Traded,AL Central,5,-7.2,147.4,-210.51166196436577,29.48,-1.4
1890,Matt Moore,DET,Free Agency,AL Central,1,0.1,2.5,-1.7993855999999995,2.5,0.1
1943,Zack Greinke,ARI,Free Agency,NL West,3,4,102.3,-69.72079916855999,34.1,1.3
1994,Ivan Nova,CHW,Traded,AL Central,1,0.7,9.2,-3.8790879999999994,9.2,0.7
2036,Clayton Kershaw,LAD,Amateur Draft,NL West,3,6.6,91,-36.45629057176,30.333333333333332,2.2
2136,David Peralta,ARI,Free Agency,NL West,2,3.6,15,13.92083886826666,7.5,1.8
2151,Edwin Encarnacion,SEA,Traded,AL West,1,0.8,21.7,-15.484016000000002,21.7,0.8
2391,Hector Rondon,HOU,Free Agency,AL West,1,0.2,4.5,-2.559850879999999,4.5,0.2
2396,Carlos Santana,CLE,Traded,AL Central,2,2.4,40.7,-20.969372088,20.35,1.2
2429,Corey Kluber,CLE,Traded,AL Central,1,4.1,17,15.630771200000005,17,4.1
2434,Nelson Cruz,MIN,Free Agency,AL Central,1,1.6,14,-1.0754047999999976,14,1.6
2520,Lance Lynn,TEX,Free Agency,AL West,3,2.1,29.3,-12.614959985140011,9.766666666666667,0.7
2530,Yonder Alonso,CHW,Traded,AL Central,1,0.7,8,-2.2397561600000007,8,0.7
2608,Jhoulys Chacin,MIL,Free Agency,NL Central,1,1.3,6.8,3.8154719999999998,6.8,1.3
2616,Zack Cozart,LAA,Free Agency,AL West,2,1.4,25.1,-13.598358251199999,12.55,0.7
2660,Brett Cecil,STL,Free Agency,NL Central,2,-1.8,14.8,-29.798610529600005,7.4,-0.9
2717,Rick Porcello,BOS,Traded,AL East,1,1.5,21.1,-8.995513600000002,21.1,1.5
2829,Manny Pina,MIL,Traded,NL Central,3,0.9,2,4.77644472527,0.6666666666666666,0.3
2882,Luis Avilan,NYM,Free Agency,NL East,1,0.2,1.6,0.13399167999999984,1.6,0.2
2900,Roberto Perez,CLE,Amateur Draft,AL Central,2,0.2,6.2,-4.514578266239999,3.1,0.1
2967,Tommy Pham,TBR,Traded,AL East,3,8.4,19.9,48.883474475743995,6.633333333333333,2.8
3086,Mitch Moreland,BOS,Free Agency,AL East,1,0.1,6.5,-5.485178240000001,6.5,0.1
3096,Kenley Jansen,LAD,Free Agency,NL West,3,0.6,56.1,-51.230701413695996,18.7,0.2
3132,Tony Watson,SFG,Free Agency,NL West,1,0.1,3.5,-2.966472384000001,3.5,0.1
3137,Max Scherzer,WSN,Free Agency,NL East,3,12.6,123.6,-19.959763989640017,41.199999999999996,4.2
3142,Robinson Chirinos,HOU,Free Agency,AL West,1,-0.1,5.8,-6.800396544,5.8,-0.1
3174,Shin-Soo Choo,TEX,Free Agency,AL West,2,0.2,41.5,-39.7918531264,20.75,0.1
3184,David Price,BOS,Free Agency,AL East,4,1.8,122.9,-108.6854374991104,30.725,0.4
3192,Will Harris,HOU,Waivers,AL West,1,-0,4.2,-4.349605759999999,4.2,0
3240,Zack Britton,NYY,Free Agency,AL East,3,-1.8,38.2,-53.249853012304,12.733333333333334,-0.6
3254,Jeff Samardzija,SFG,Free Agency,NL West,2,0,39.2,-39.062630918400004,19.6,0
3256,Welington Castillo,CHW,Free Agency,AL Central,1,0.7,7.2,-1.7899001599999984,7.2,0.7
3269,Robinson Cano,NYM,Traded,NL East,5,1.6,114.9,-103.1718953241991,22.98,0.3
3281,Joe Smith,HOU,Free Agency,AL West,1,-0.4,8,-11.20295552,8,-0.4
3284,Anibal Sanchez,WSN,Free Agency,NL East,2,0.6,12.8,-7.826058508800001,6.4,0.3
3312,Martin Prado,MIA,Traded,NL East,1,-0.5,15,-19.279852288,15,-0.5
3321,Darren O'Day,ATL,,NL East,1,-0.7,9,-14.733945216,9,-0.7
3410,Ryan Braun,MIL,Amateur Draft,NL Central,2,0.4,35.6,-32.543949984,17.8,0.2
3448,Jeff Mathis,TEX,Free Agency,AL West,2,-0.8,6.2,-12.687899795200003,3.1,-0.4
3473,Anthony Rizzo,CHC,Traded,NL Central,1,2.7,12.3,9.544700800000001,12.3,2.7
3516,Eric Hosmer,SDP,Free Agency,NL West,5,-0.1,93.2,-95.15496980225868,18.64,-0
3531,Troy Tulowitzki,NYY,Free Agency,AL East,1,-0.2,20,-21.955507904,20,-0.2
3542,Danny Duffy,KCR,Amateur Draft,AL Central,3,2.4,45,-25.4859475166,15,0.8
3543,Clay Buchholz,TOR,Free Agency,AL East,1,-0,3,-3.0219283200000007,3,0
3551,Clayton Richard,TOR,,AL East,1,-0.2,3,-4.712151680000001,3,-0.2
3892,Josh Reddick,HOU,Free Agency,AL West,2,1.9,25.7,-10.269157663999998,12.85,1
4020,Yusmeiro Petit,OAK,Free Agency,AL West,1,-0.1,5.5,-6.35967616,5.5,-0.1
4062,Dexter Fowler,STL,Free Agency,NL Central,3,-1.7,48.4,-62.54736864884,16.133333333333333,-0.6
4070,Pedro Strop,CHC,Traded,NL Central,1,-0.1,6.2,-6.7636217599999995,6.2,-0.1
4090,Luke Gregerson,STL,Free Agency,NL Central,1,-0.9,5,-11.98191872,5,-0.9
4106,Michael Brantley,HOU,Free Agency,AL West,2,3,31.7,-7.03541685824,15.85,1.5
4141,Derek Holland,SFG,Free Agency,NL West,1,0.2,6.5,-4.66394368,6.5,0.2
4153,Jake Arrieta,PHI,Free Agency,NL East,2,1.8,44.6,-30.180276223999996,22.3,0.9
4220,Ryan Zimmerman,WSN,Amateur Draft,NL East,1,0.8,18,-11.434355199999999,18,0.8
4229,Howie Kendrick,WSN,Free Agency,NL East,1,0.1,4,-3.56622912,4,0.1
4264,Mark Melancon,SFG,Free Agency,NL West,2,-1.2,27.7,-37.4243224576,13.85,-0.6
4301,Justin Wilson,NYM,Free Agency,NL East,2,-0.3,9.9,-12.3996361536,4.95,-0.2
4314,Joey Votto,CIN,Amateur Draft,NL Central,5,7.5,119.7,-57.67704064649791,23.94,1.5
4316,Daniel Murphy,COL,Free Agency,NL West,2,2.2,17.8,-0.13862758399999642,8.9,1.1
4338,Tyler Chatwood,CHC,Free Agency,NL Central,2,-0.6,25.2,-30.403967366400003,12.6,-0.3
4371,Jeremy Hellickson,WSN,Free Agency,NL East,1,0.3,1.3,1.1952601600000008,1.3,0.3
4418,Jed Lowrie,NYM,,NL East,2,4.5,19.8,16.472458054400015,9.9,2.2
4505,Jordan Zimmermann,DET,Free Agency,AL Central,2,-0.1,49.5,-50.1192973248,24.75,-0
4579,Starlin Castro,MIA,Traded,NL East,1,1.8,11.9,2.192460799999999,11.9,1.8
4616,Russell Martin,LAD,Traded,NL West,1,0.8,20,-13.339705599999998,20,0.8
4676,Charlie Morton,TBR,Free Agency,AL East,2,2,29.7,-13.626231942399997,14.85,1
4682,Pat Neshek,PHI,Free Agency,NL East,1,-0.5,7.8,-11.59659008,7.8,-0.5
4696,Nate Jones,CHW,Amateur Draft,AL Central,1,-0.5,4.7,-8.363769472000001,4.7,-0.5
4727,Jacoby Ellsbury,NYY,Free Agency,AL East,2,-1.1,41.8,-51.10219368,20.9,-0.6
4747,Curtis Granderson,MIA,Free Agency,NL East,1,0.4,1.8,1.2978336000000006,1.8,0.4
4772,Felix Hernandez,SEA,Amateur Free Agent,AL West,1,-0.4,27.9,-31.12855744,27.9,-0.4
4776,Matt Shoemaker,TOR,Free Agency,AL East,2,-0.6,7.5,-12.077539196266663,3.75,-0.3
4806,Rich Hill,LAD,Traded,NL West,1,0.3,18.7,-15.942326400000004,18.7,0.3
4810,Brian McCann,ATL,Free Agency,NL East,1,0.3,2,0.2558380800000002,2,0.3
4866,Jarrod Dyson,ARI,Free Agency,NL West,1,0.4,3.8,-0.8772371200000002,3.8,0.4
4869,Mike Montgomery,CHC,Traded,NL Central,3,1,11.9,-4.059836158656005,3.966666666666667,0.3
4892,Mike Moustakas,MIL,Free Agency,NL Central,1,1.6,7,6.046722559999997,7,1.6
4922,Ender Inciarte,ATL,Traded,NL East,3,6.1,21.6,28.658871241640004,7.2,2
4930,Jon Lester,CHC,Free Agency,NL Central,2,1.7,47.1,-33.403203072,23.55,0.8
4940,Jason Heyward,CHC,Free Agency,NL Central,5,1.7,101.4,-87.79763219493032,20.28,0.3
4949,Giancarlo Stanton,NYY,Traded,AL East,5,14.9,135.7,-10.1370225549881,27.139999999999997,3
4962,Asdrubal Cabrera,TEX,Free Agency,AL West,1,1.5,3.5,8.4236416,3.5,1.5
4972,Cole Hamels,CHC,Traded,NL Central,1,0.8,20,-13.858207999999998,20,0.8
5038,Josh Donaldson,ATL,Free Agency,NL East,1,2.1,23,-6.560467199999998,23,2.1
5114,Jeurys Familia,NYM,Free Agency,NL East,3,1,29.3,-21.357205682139995,9.766666666666667,0.3
5209,Alex Gordon,KCR,Free Agency,AL Central,1,0.3,20,-17.48575552,20,0.3
5222,Justin Upton,LAA,Traded,AL West,4,7.3,86.8,-26.23806685016241,21.7,1.8
5227,Jon Jay,CHW,,AL Central,1,0.5,4,-0.19590271999999942,4,0.5
5235,Justin Turner,LAD,Free Agency,NL West,2,5.5,38.6,6.335015103999993,19.3,2.8
5254,Robbie Grossman,OAK,Free Agency,AL West,2,0.6,4.9,-0.09437675520000077,2.45,0.3
5273,Sandy Leon,BOS,Purchased,AL East,2,0.7,6.1,-0.8239091200000002,3.05,0.4
5275,Francisco Cervelli,PIT,Traded,NL Central,1,1.3,11.5,-1.1986483199999984,11.5,1.3
5297,Aaron Hicks,NYY,Traded,AL East,5,10.8,47.2,43.32560325578735,9.440000000000001,2.2
5343,Brandon Crawford,SFG,Amateur Draft,NL West,3,3.1,44.6,-19.482909273919994,14.866666666666667,1
5358,Jose Alvarez,PHI,Traded,NL East,2,0.2,4.8,-2.9281114647999997,2.4,0.1
5361,Freddie Freeman,ATL,Amateur Draft,NL East,3,10.7,63.6,24.553386480159997,21.2,3.6
5372,Michael Pineda,MIN,Free Agency,AL Central,1,0.1,8,-7.120192,8,0.1
5384,Juan Lagares,NYM,Amateur Free Agent,NL East,1,0.7,9,-3.5971712,9,0.7
5401,Brad Peacock,HOU,Traded,AL West,2,0.7,7.7,-1.921391755679997,3.85,0.4
5417,Jose Altuve,HOU,Amateur Free Agent,AL West,5,19.9,119.4,48.23850199924987,23.880000000000003,4
5448,Jesse Chavez,TEX,Free Agency,AL West,2,-1.1,7.9,-16.997128936960003,3.95,-0.6
5491,Austin Romine,NYY,Amateur Draft,AL East,1,0.5,1.8,1.8791564799999996,1.8,0.5
5497,Marwin Gonzalez,MIN,Free Agency,AL Central,2,3,20.8,3.7550124480000004,10.4,1.5
5498,Arodys Vizcaino,ATL,Traded,NL East,1,-0,4.8,-4.9099008,4.8,0
5524,Madison Bumgarner,SFG,Amateur Draft,NL West,1,1,12,-3.9352768000000005,12,1
5631,Matt Kemp,CIN,Traded,NL Central,1,0.2,21.8,-20.20625536,21.8,0.2
5667,Steven Souza Jr.,ARI,Traded,NL West,2,1.1,10.2,-1.5222752544000002,5.1,0.6
5751,Hernan Perez,MIL,Waivers,NL Central,2,1.1,6.2,2.967215675200001,3.1,0.6
5760,Avisail Garcia,TBR,Free Agency,AL East,1,1.2,3.5,6.496968320000001,3.5,1.2
5827,Wilmer Flores,ARI,Free Agency,NL West,1,0.7,3.8,2.0144294400000007,3.8,0.7
5867,Danny Salazar,CLE,Amateur Free Agent,AL Central,2,0.5,9.6,-5.986562440000002,4.8,0.2
5913,Leury Garcia,CHW,Traded,AL Central,2,0.7,3.8,1.6418191390400008,1.9,0.4
5930,Nick Markakis,ATL,Free Agency,NL East,1,0.9,4,2.82866048,4,0.9
5933,Jean Segura,PHI,Traded,NL East,4,9.6,57.5,22.033906776999963,14.375,2.4
6012,Didi Gregorius,NYY,Traded,AL East,1,3.5,11.8,16.3529888,11.8,3.5
6033,Kelvin Herrera,CHW,Free Agency,AL Central,2,-0.3,16.8,-19.6335684704,8.4,-0.2
6153,Eduardo Escobar,ARI,Traded,NL West,3,4.7,20.5,18.22800362979601,6.833333333333333,1.6
6184,J.D. Martinez,BOS,Free Agency,AL East,4,11.4,83.6,10.680083322945045,20.9,2.8
6195,Ian Kinsler,SDP,Free Agency,NL West,2,1.9,7.4,7.577460648000001,3.7,1
6216,Dellin Betances,NYY,Amateur Draft,AL East,1,0.9,7.1,-0.24997760000000024,7.1,0.9
6249,Trevor Cahill,LAA,Free Agency,AL West,1,0.5,9,-4.76048864,9,0.5
6345,Chris Archer,PIT,Traded,NL Central,1,2.1,7.7,8.745532799999998,7.7,2.1
6368,Adam Jones,ARI,Free Agency,NL West,1,0.4,3,0.47878784000000163,3,0.4
6397,Jake Odorizzi,MIN,Traded,AL Central,1,1.2,9.5,-0.2315202559999996,9.5,1.2
6483,Steve Cishek,CHC,Free Agency,NL Central,1,-0,6.5,-6.56753152,6.5,0
6547,Jordy Mercer,DET,Free Agency,AL Central,1,0.7,5.2,0.01908159999999981,5.2,0.7
6562,Alex Cobb,BAL,Free Agency,AL East,3,0.7,42.1,-36.76152881880001,14.033333333333333,0.2
6609,Freddy Galvis,TOR,Free Agency,AL East,1,1.2,4,5.239468799999999,4,1.2
6632,Carlos Carrasco,CLE,Traded,AL Central,4,11.2,42.5,51.04843219891279,10.625,2.8
6661,Alex Colome,CHW,Traded,AL Central,2,0.3,18.1,-15.981920677599998,9.05,0.2
6785,Andrew Miller,STL,Free Agency,NL Central,2,-0.1,22.3,-23.018064304000003,11.15,-0
6797,Julio Teheran,ATL,Amateur Free Agent,NL East,1,0.6,11.2,-6.628928,11.2,0.6
6848,Eduardo Nunez,BOS,Free Agency,AL East,1,0.4,5,-2.0241651200000006,5,0.4
6876,Mark Trumbo,BAL,Free Agency,AL East,1,-0.3,13.5,-15.69711104,13.5,-0.3
6885,Ian Desmond,COL,Free Agency,NL West,3,-4.1,37.3,-71.831862061248,12.433333333333332,-1.4
6887,Martin Maldonado,KCR,Free Agency,AL Central,1,1.5,2.5,9.243654399999997,2.5,1.5
6893,Johnny Cueto,SFG,Free Agency,NL West,3,-1,64.1,-72.190488875324,21.366666666666664,-0.3
6895,Chase Anderson,MIL,Traded,NL Central,2,0.3,7,-4.255495203200001,3.5,0.2
6902,Martin Perez,MIN,Free Agency,AL Central,1,0.5,3.5,0.7202918399999998,3.5,0.5
6941,Joakim Soria,OAK,Free Agency,AL West,2,0.5,14.8,-11.010097462400001,7.4,0.2
6986,Ian Kennedy,KCR,Free Agency,AL Central,2,-0.9,32.6,-39.81225524608,16.3,-0.4
7005,Ryan Pressly,HOU,Traded,AL West,3,0.3,19.8,-17.662849201291998,6.6000000000000005,0.1
7007,Yadier Molina,STL,Amateur Draft,NL Central,2,1.8,39.6,-25.453580224000003,19.8,0.9
7185,Logan Forsythe,TEX,Free Agency,AL West,1,0.4,2,0.94821248,2,0.4
7196,Greg Holland,ARI,Free Agency,NL West,1,-0.3,3.2,-5.93479232,3.2,-0.3
7274,Craig Stammen,SDP,Free Agency,NL West,1,0.2,2.2,-0.8467056768000001,2.2,0.2
7287,Carlos Gonzalez,CLE,Free Agency,AL Central,1,0.6,2,2.966674239999999,2,0.6
7304,Salvador Perez,KCR,Amateur Free Agent,AL Central,3,0.7,38.7,-33.296224498095995,12.9,0.2
7410,J.A. Happ,NYY,Traded,AL East,2,2,33.6,-17.144567455999997,16.8,1
7435,Ben Zobrist,CHC,Free Agency,NL Central,1,1.3,12.5,-1.7104108799999995,12.5,1.3
7441,Wade Davis,COL,Free Agency,NL West,2,-0.4,34.6,-38.054830841599994,17.3,-0.2
7448,Gio Gonzalez,NYY,,AL East,1,1.3,0.1,10.328300799999997,0.1,1.3
7466,Anthony Swarzak,SEA,Traded,AL West,1,-0.5,8.5,-12.39625472,8.5,-0.5
7476,Alex Avila,ARI,Free Agency,NL West,1,0.6,4.2,0.24328511999999947,4.2,0.6
7531,Collin McHugh,HOU,Waivers,AL West,1,0.5,5.8,-1.4788607999999988,5.8,0.5
7539,Neil Walker,MIA,Free Agency,NL East,1,0.5,2,1.629297664000001,2,0.5
7550,Jake McGee,COL,Free Agency,NL West,2,-1.3,17.8,-28.377631120000004,8.9,-0.6
7555,Nick Vincent,SFG,Free Agency,NL West,1,0.1,1.8,-1.2953817600000006,1.8,0.1
7571,Lonnie Chisenhall,PIT,,NL Central,1,0.7,2.8,2.83420352,2.8,0.7
7731,Juan Nicasio,PHI,Traded,NL East,1,0.1,9.2,-8.1968736,9.2,0.1
7739,Travis d'Arnaud,NYM,Traded,NL East,1,0.5,3.5,0.4792381440000004,3.5,0.5
7754,Mike Fiers,OAK,Traded,AL West,2,-0.4,13.9,-17.27851019072,6.95,-0.2
7802,Miguel Rojas,MIA,Traded,NL East,2,1.2,7.8,1.9966157048000017,3.9,0.6
7859,Charlie Blackmon,COL,Amateur Draft,NL West,3,6.9,63.1,-6.1703462719600015,21.033333333333335,2.3
7870,Jonathan Lucroy,LAA,Free Agency,AL West,1,-0.1,3.4,-4.1971948800000005,3.4,-0.1
7872,Tyson Ross,DET,Free Agency,AL Central,1,-0.1,5.8,-6.681231424,5.8,-0.1
7949,Tim Beckham,SEA,Free Agency,AL West,2,1.1,4.3,4.966229007200003,2.15,0.6
7996,Jose Martinez,STL,Purchased,NL Central,4,2.5,11.2,8.949363845047836,2.8,0.6
8044,Jason Vargas,NYM,Free Agency,NL East,1,-0.4,8,-11.303981440000001,8,-0.4
8048,Will Smith,SFG,Traded,NL West,1,0.6,4.2,0.6869440000000004,4.2,0.6
8090,Matt Carpenter,STL,Amateur Draft,NL Central,3,6.7,50.6,4.578494277720004,16.866666666666667,2.2
8110,Bryan Shaw,COL,Free Agency,NL West,2,-1.1,17.3,-26.387744057600003,8.65,-0.6
8202,Josh Harrison,DET,Free Agency,AL Central,1,0.7,2,3.43800832,2,0.7
8203,Dee Gordon,SEA,Traded,AL West,2,1.2,26.8,-17.19488651008,13.4,0.6
8223,Brett Anderson,OAK,Free Agency,AL West,1,0.1,1.5,-0.5926406399999999,1.5,0.1
8241,David Robertson,PHI,Free Agency,NL East,2,0.5,20.8,-16.770871072,10.4,0.2
8259,Kurt Suzuki,WSN,Free Agency,NL East,2,-0.1,9.9,-10.403971531520002,4.95,-0
8267,Chris Iannetta,COL,Free Agency,NL West,1,0.2,4.2,-2.257351680000001,4.2,0.2
8302,JC Ramirez,LAA,Waivers,AL West,3,-2.6,9.2,-30.995244972576,3.0666666666666664,-0.9
8362,Homer Bailey,KCR,Free Agency,AL Central,1,-0.5,23,-26.941741568,23,-0.5
8370,Dustin Pedroia,BOS,Amateur Draft,AL East,3,-2,39.2,-55.731571454425605,13.066666666666668,-0.7
8392,Daniel Descalso,CHC,Free Agency,NL Central,2,0.4,3.9,-0.7735158560000004,1.95,0.2
8418,Ehire Adrianza,MIN,Waivers,AL Central,2,0.5,3.2,0.9300183849599997,1.6,0.2
8700,Justin Verlander,HOU,Traded,AL West,3,9.8,91.9,-11.470329233680001,30.633333333333336,3.3
8709,Elvis Andrus,TEX,Traded,AL West,4,3.5,57.2,-28.695520467842655,14.3,0.9
8722,Jason Castro,MIN,Free Agency,AL Central,1,0.4,8,-4.542711424,8,0.4
8753,Tanner Roark,CIN,Traded,NL Central,1,1.2,10,-0.6225920000000009,10,1.2
8779,Wade Miley,HOU,Free Agency,AL West,1,0.2,4.5,-2.5253081600000007,4.5,0.2
8782,Andrew Cashner,BAL,Free Agency,AL East,1,0.2,9.5,-8.11964672,9.5,0.2
9054,Justin Smoak,TOR,Waivers,AL East,1,1.4,8,3.070176000000002,8,1.4
9073,Kirby Yates,SDP,Waivers,NL West,2,0.3,7.6,-5.057791377600003,3.8,0.2
9077,Lorenzo Cain,MIL,Free Agency,NL Central,4,10.6,63.8,24.265581853140404,15.95,2.6
9111,Brad Hand,CLE,Traded,AL Central,2,1.2,14.5,-5.006732336000004,7.25,0.6
9112,Khris Davis,OAK,Traded,AL West,3,3.7,48.9,-18.570425076299998,16.3,1.2
9132,Nathan Eovaldi,BOS,Traded,AL East,4,0.8,65.8,-59.48016791785924,16.45,0.2
9134,Tyler Flowers,ATL,Free Agency,NL East,1,2.4,4,15.520281599999997,4,2.4
9166,Buster Posey,SFG,Amateur Draft,NL West,3,6.1,65.1,-15.388543258599999,21.7,2
9218,Paul Goldschmidt,STL,Traded,NL Central,5,13.8,113,2.453304070000545,22.6,2.8
9241,Starling Marte,PIT,Amateur Free Agent,NL Central,1,2.3,10.3,8.039740799999995,10.3,2.3
9253,Keon Broxton,NYM,Traded,NL East,4,1.2,8.9,0.36319230655654944,2.225,0.3
9256,A.J. Pollock,LAD,Free Agency,NL West,4,2.8,48.1,-25.296564698191883,12.025,0.7
9272,Chris Davis,BAL,Free Agency,AL East,4,-10,89.1,-173.3828323018518,22.275,-2.5
9323,Patrick Corbin,WSN,Free Agency,NL East,5,12,99.6,1.6344119214117754,19.919999999999998,2.4
9345,Brock Holt,BOS,Traded,AL East,1,0.4,3.6,-0.385418239999999,3.6,0.4
9346,Brandon Morrow,CHC,Free Agency,NL Central,1,-0.2,9,-10.632252032,9,-0.2
9368,Evan Longoria,SFG,Traded,NL West,4,-1.2,65.8,-76.38089295162872,16.45,-0.3
9393,Matt Adams,WSN,Free Agency,NL East,1,0.6,3,1.6850508800000012,3,0.6
9490,Jeremy Jeffress,MIL,Traded,NL Central,1,0.3,3.2,-1.1670227200000003,3.2,0.3
9549,David Freese,LAD,Traded,NL West,1,0.9,4.5,2.8470911999999995,4.5,0.9
9627,Yan Gomes,WSN,Traded,NL East,1,1.4,7.1,3.8277772799999994,7.1,1.4
9744,Justin Bour,LAA,Free Agency,AL West,2,1,6.2,2.0495433104000034,3.1,0.5
9761,Joe Kelly,LAD,Free Agency,NL West,3,-1.3,20.4,-31.10530244478,6.8,-0.4
9774,Christian Vazquez,BOS,Amateur Draft,AL East,3,1.7,12.9,0.5558006959639981,4.3,0.6
9776,Jason Kipnis,CLE,Amateur Draft,AL Central,1,1.3,14.7,-4.373429759999999,14.7,1.3
9777,Nolan Arenado,COL,Amateur Draft,NL West,5,19.6,158.6,6.752807458274088,31.72,3.9
9784,Garrett Richards,SDP,,NL West,2,0.1,15.3,-14.7235634272,7.65,0
9785,Kyle Seager,SEA,Amateur Draft,AL West,3,3.8,56.3,-25.305484579880005,18.766666666666666,1.3
9803,Miles Mikolas,STL,Free Agency,NL Central,5,3.9,72.4,-40.14039638787914,14.48,0.8
9810,Brian Dozier,WSN,Free Agency,NL East,1,1.9,9,6.074453760000003,9,1.9
9847,Andrew McCutchen,PHI,Free Agency,NL East,3,3.8,45.8,-14.925912692159988,15.266666666666666,1.3
9874,DJ LeMahieu,NYY,Free Agency,AL East,2,2.8,23.7,-1.0931946880000023,11.85,1.4
9892,Jay Bruce,SEA,Traded,AL West,2,0.3,27.7,-25.16243893248,13.85,0.2
9927,Brett Gardner,NYY,Amateur Draft,AL East,1,1.7,7.5,6.406054399999999,7.5,1.7
9939,Brandon Kintzler,CHC,Traded,NL Central,1,-0.5,5,-9.029835519999999,5,-0.5
9948,Mike Dunn,COL,Free Agency,NL West,1,-0.8,7,-13.39298752,7,-0.8
9957,Steve Pearce,BOS,Traded,AL East,1,0.3,6.2,-3.47357888,6.2,0.3
10021,Mike Minor,TEX,Free Agency,AL West,2,1.9,19.4,-3.9006554479999993,9.7,1
10030,Chris Owings,KCR,Free Agency,AL Central,1,-0,3,-3.1684396799999996,3,0
10047,Wil Myers,SDP,Traded,NL West,4,2.8,70.1,-46.994751593290175,17.525,0.7
10059,Max Stassi,HOU,Traded,AL West,4,3.8,10.5,20.594193803390738,2.625,1
10071,Jonathan Villar,BAL,Traded,AL East,2,2.3,11.9,6.562162085600003,5.95,1.1
10123,Kyle Gibson,MIN,Amateur Draft,AL Central,1,1.1,8.1,0.7347648000000024,8.1,1.1
10130,Mike Leake,SEA,Traded,AL West,2,2.4,30.7,-11.342189536000001,15.35,1.2
10131,Stephen Strasburg,WSN,Amateur Draft,NL East,5,7.7,132.4,-68.37486670169574,26.48,1.5
10155,Mike Trout,LAA,Amateur Draft,AL West,5,32.9,172.6,105.75558056065545,34.519999999999996,6.6
10190,Tyler Skaggs,LAA,Traded,AL West,2,1.9,9.1,6.3185749583999975,4.55,1
10199,Billy Hamilton,KCR,Free Agency,AL Central,1,1.3,4.2,5.850851200000003,4.2,1.3
10200,Tucker Barnhart,CIN,Amateur Draft,NL Central,3,-0.3,10.8,-13.218673659116,3.6,-0.1
10231,Jose Iglesias,CIN,Free Agency,NL Central,1,1.9,2.5,12.815872,2.5,1.9
10233,Aroldis Chapman,NYY,Free Agency,AL East,3,1.7,50.5,-36.43657779568,16.833333333333332,0.6
10243,Randal Grichuk,TOR,Traded,AL East,5,4.7,49.8,-10.992432099008871,9.959999999999999,0.9
10264,Brandon Belt,SFG,Amateur Draft,NL West,3,3.7,50.5,-20.535715844959995,16.833333333333332,1.2
10310,Zack Wheeler,NYM,Traded,NL East,1,1.8,6,8.289818879999999,6,1.8
10324,Marcell Ozuna,STL,Traded,NL Central,1,2.8,12.2,10.090460799999999,12.2,2.8
10339,Scooter Gennett,CIN,Waivers,NL Central,1,2.8,9.8,12.736838400000002,9.8,2.8
10346,John Ryan Murphy,ARI,Traded,NL West,3,0.8,4.4,2.142018746719998,1.4666666666666668,0.3
10348,Domingo Santana,SEA,Traded,AL West,3,3.5,9.5,19.36418765176,3.1666666666666665,1.2
10354,Robbie Erlin,SDP,Traded,NL West,2,0.6,3.6,1.148987820319999,1.8,0.3
10430,Mychal Givens,BAL,Amateur Draft,AL East,3,1.6,10.5,2.261336229360003,3.5,0.5
10459,Adeiny Hechavarria,NYM,,NL East,1,0.6,0.1,4.38702144,0.1,0.6
10472,Enrique Hernandez,LAD,Traded,NL West,2,3.8,9.2,22.002611575200007,4.6,1.9
10542,Derek Dietrich,CIN,Free Agency,NL Central,2,1.4,4.9,6.145936787200002,2.45,0.7
10547,Jimmy Nelson,MIL,Amateur Draft,NL Central,2,1.2,9.1,0.6628832271999978,4.55,0.6
10556,Cesar Hernandez,PHI,Amateur Free Agent,NL East,2,4.2,19.1,14.636759644000012,9.55,2.1
10586,Addison Reed,MIN,Free Agency,AL Central,1,-0.2,8.5,-10.00968192,8.5,-0.2
10587,Chad Bettis,COL,Amateur Draft,NL West,2,-0.3,8.3,-10.381728560800001,4.15,-0.2
10603,Chris Sale,BOS,Traded,AL East,5,19.9,126.4,41.983296366206574,25.28,4
10745,Trevor Rosenthal,WSN,Free Agency,NL East,1,0.1,7,-6.2220691200000005,7,0.1
10756,Shane Greene,DET,Traded,AL Central,2,-0.9,9.9,-17.126180261120002,4.95,-0.4
10762,Corey Dickerson,PIT,Traded,NL Central,1,2,8.5,7.648825600000002,8.5,2
10811,Mike Foltynewicz,ATL,Traded,NL East,3,5.1,22.7,19.527676390914994,7.566666666666666,1.7
10815,Jurickson Profar,OAK,Traded,AL West,2,3.4,7.7,19.813993190400005,3.85,1.7
10816,Jedd Gyorko,STL,Traded,NL Central,1,1.4,13,-2.1345472,13,1.4
10847,Andrelton Simmons,LAA,Traded,AL West,2,7.7,27.7,34.45093910400001,13.85,3.8
10950,Adam Duvall,ATL,Traded,NL East,3,0.2,14,-12.844475073280002,4.666666666666667,0.1
10951,Greg Garcia,SDP,Waivers,NL West,3,0.1,4.4,-4.210324005392001,1.4666666666666668,0
10954,Jacob deGrom,NYM,Amateur Draft,NL East,5,21.3,130.5,49.39892836595248,26.1,4.3
11038,Kevin Kiermaier,TBR,Amateur Draft,AL East,4,5.3,40.2,3.7951834881485427,10.05,1.3
11189,Vince Velasquez,PHI,Traded,NL East,3,2.9,10.9,12.540616694736002,3.6333333333333333,1
11200,Kole Calhoun,LAA,Amateur Draft,AL West,1,0.6,10.5,-5.487201536000001,10.5,0.6
11205,Adam Eaton,WSN,Traded,NL East,1,1.4,8.4,2.838839039999998,8.4,1.4
11265,Jonathan Schoop,MIN,Free Agency,AL Central,1,1.6,7.5,4.912826879999999,7.5,1.6
11281,Whit Merrifield,KCR,Amateur Draft,AL Central,4,10.3,14.9,71.04971559389443,3.725,2.6
11339,Jake Marisnick,HOU,Traded,AL West,2,1.8,5.5,9.038457895200002,2.75,0.9
11342,Jesus Aguilar,MIL,Waivers,NL Central,4,4.7,0.6,13.80075744,0.15,1.2
11368,Yasmani Grandal,MIL,Free Agency,NL Central,1,3.8,16,14.204415999999998,16,3.8
11379,Delino DeShields,TEX,Rule 5 Draft,AL West,3,2.1,6.8,10.173381003270398,2.2666666666666666,0.7
11400,Ronald Torreyes,MIN,,AL Central,4,1,8.8,-1.2036842365731735,2.2,0.2
11423,Jose Quintana,CHC,Traded,NL Central,1,1.8,10.5,3.6277504,10.5,1.8
11426,Drew Pomeranz,SFG,Free Agency,NL West,1,0.2,1.5,0.46054656000000094,1.5,0.2
11442,Gary Sanchez,NYY,Amateur Free Agent,AL East,4,7.7,13,51.11567851480399,3.25,1.9
11445,Mark Canha,OAK,Traded,AL West,3,0.9,10,-2.9738440106720003,3.3333333333333335,0.3
11470,Tony Wolters,COL,Waivers,NL West,4,0.8,8.9,-2.50600735889502,2.225,0.2
11476,Odubel Herrera,PHI,Rule 5 Draft,NL East,3,3.9,22.5,9.546356995636003,7.5,1.3
11477,Christian Yelich,MIL,Traded,NL Central,3,15.1,35.4,89.13999211855997,11.799999999999999,5
11486,Robbie Ray,ARI,Traded,NL West,2,2.2,14.9,2.9892092168000035,7.45,1.1
11489,Michael A. Taylor,WSN,Amateur Draft,NL East,2,2.5,8,12.003374375199996,4,1.2
11490,Aaron Sanchez,TOR,Amateur Draft,AL East,2,0.5,9.6,-5.797150659519996,4.8,0.2
11493,Manny Machado,SDP,Free Agency,NL West,5,18.8,133.3,25.556883237647774,26.660000000000004,3.8
11579,Bryce Harper,PHI,Free Agency,NL East,5,13.4,115.9,-2.575971109557674,23.18,2.7
11589,Jose Urena,MIA,Amateur Free Agent,NL East,3,0.9,3.2,2.4310131200000002,1.0666666666666667,0.3
11602,Yolmer Sanchez,CHW,Amateur Free Agent,AL Central,3,4.1,19.1,14.092790307981993,6.366666666666667,1.4
11609,Willson Contreras,CHC,Amateur Free Agent,NL Central,4,4.2,10.7,23.614183811079293,2.675,1.1
11611,Rosell Herrera,MIA,Waivers,NL East,3,0.4,1.6,1.376179998290001,0.5333333333333333,0.1
11674,Jameson Taillon,PIT,Amateur Draft,NL Central,4,7.7,13,50.67879484585242,3.25,1.9
11680,Elias Diaz,PIT,Amateur Free Agent,NL Central,4,0.4,4.3,-1.8257736941175855,1.075,0.1
11682,Carlos Martinez,STL,Free Agency,NL Central,3,4.4,34.4,1.520149998840001,11.466666666666667,1.5
11710,Sam Dyson,SFG,Traded,NL West,2,-1.1,10.7,-19.638929031466667,5.35,-0.6
11713,Matt Harvey,LAA,Free Agency,AL West,1,0.3,11,-8.611352319999998,11,0.3
11737,Nicholas Castellanos,DET,Amateur Draft,AL Central,1,2.3,9.9,8.682288000000003,9.9,2.3
11739,J.T. Realmuto,PHI,Traded,NL East,2,7.1,14.6,42.67640543200002,7.3,3.5
11760,Drew Smyly,TEX,Traded,AL West,1,-0.3,7,-9.0166784,7,-0.3
11762,Noah Syndergaard,NYM,Traded,NL East,3,6.9,24.9,32.09455341563999,8.299999999999999,2.3
11828,James Paxton,NYY,Traded,AL East,2,4.9,21.1,18.470206116,10.55,2.5
11836,Taijuan Walker,ARI,Traded,NL West,2,0.8,12.4,-5.961791741599999,6.2,0.4
11846,Leonys Martin,CLE,Traded,AL Central,1,1.2,3,6.553941759999999,3,1.2
11899,Joc Pederson,LAD,Amateur Draft,NL West,2,3.9,12.3,18.898111145600005,6.15,2
11936,Joe Panik,SFG,Amateur Draft,NL West,2,1.1,9.4,-0.5147680531199996,4.7,0.6
11982,Travis Shaw,MIL,Traded,NL Central,3,7.1,22.7,35.40693905784001,7.566666666666666,2.4
12049,Kyle Hendricks,CHC,Traded,NL Central,5,7,58.5,-0.3196623089432711,11.7,1.4
12076,Felipe Vazquez,PIT,Traded,NL Central,3,3,17.5,6.9354578881960025,5.833333333333333,1
12092,Niko Goodrum,DET,Free Agency,AL Central,5,0.6,1.2,9.417097997599999,0.24,0.1
12144,Max Kepler,MIN,Amateur Free Agent,AL Central,5,7.6,32.5,31.521144798250585,6.5,1.5
12147,Nick Ahmed,ARI,Traded,NL West,2,1.5,9,2.7350975151999997,4.5,0.8
12155,Eddie Rosario,MIN,Amateur Draft,AL Central,3,6.4,20.4,32.277786811376004,6.8,2.1
12158,Austin Barnes,LAD,Traded,NL West,4,2.9,10.2,13.700672888218055,2.55,0.7
12160,Ben Gamel,MIL,Traded,NL Central,4,2.9,0.6,8.888683200000001,0.15,0.7
12161,Xander Bogaerts,BOS,Amateur Free Agent,AL East,5,15.6,87.8,44.22172795899705,17.56,3.1
12164,Miguel Sano,MIN,Amateur Free Agent,AL Central,3,2.6,12.9,8.1011399725727955,4.3,0.9
12179,Maikel Franco,PHI,Amateur Free Agent,NL East,3,1.8,21.5,-6.4683565169199975,7.166666666666667,0.6
12180,Jorge Alfaro,MIA,Traded,NL East,3,5.1,1.1,28.647251757600003,0.3666666666666667,1.7
12183,Cody Allen,LAA,Free Agency,AL West,1,-0.1,8.5,-9.407911424,8.5,-0.1
12225,Scott Schebler,CIN,Traded,NL Central,4,1.4,9.1,1.6676688412020837,2.275,0.4
12237,Dan Winkler,ATL,Rule 5 Draft,NL East,2,0.3,4,-1.7023640792000012,2,0.2
12282,Rougned Odor,TEX,Amateur Free Agent,AL West,4,5.2,40.3,3.2845270556741495,10.075,1.3
12294,Cory Spangenberg,MIL,,NL Central,2,1.2,3,7.007395795199999,1.5,0.6
12371,Tommy La Stella,LAA,Traded,AL West,2,0.2,3.3,-1.6393324200000001,1.65,0.1
12447,Seth Lugo,NYM,Amateur Draft,NL East,4,0.6,8.5,-3.8077662937571297,2.125,0.2
12532,Kolten Wong,STL,Amateur Draft,NL Central,2,3.7,16.5,13.314602456000003,8.25,1.8
12533,Marcus Semien,OAK,Traded,AL West,2,4.5,14.6,22.261895031999998,7.3,2.2
12546,C.J. Cron,MIN,Waivers,AL Central,2,2.3,11.8,6.552080268800003,5.9,1.1
12552,Eugenio Suarez,CIN,Traded,NL Central,5,11.9,47.9,52.035655075806076,9.58,2.4
12564,Trevor Story,COL,Amateur Draft,NL West,3,9,24.3,49.79785687840001,8.1,3
12572,Blake Treinen,OAK,Traded,AL West,2,2.8,15.8,6.907755775999997,7.9,1.4
12664,Jerad Eickhoff,PHI,Traded,NL East,3,0.3,4.7,-2.5032614188560007,1.5666666666666667,0.1
12703,Trevor Bauer,CLE,Traded,AL Central,2,6.6,32.1,21.378750032000006,16.05,3.3
12768,Sonny Gray,CIN,Traded,NL Central,4,2.1,36.7,-19.90178377423985,9.175,0.5
12808,Mike Clevinger,CLE,Traded,AL Central,4,6.6,12.3,42.245555037615176,3.075,1.6
12856,George Springer,HOU,Amateur Draft,AL West,2,5.4,25.7,17.74990528,12.85,2.7
12859,James McCann,CHW,Free Agency,AL Central,2,-0.5,6.2,-10.443459167424,3.1,-0.2
12861,Anthony Rendon,WSN,Amateur Draft,NL East,1,5.1,18.8,21.630598399999993,18.8,5.1
12863,Matt Barnes,BOS,Amateur Draft,AL East,3,0.4,7.8,-4.423766114688007,2.6,0.1
12880,Tyler Anderson,COL,Amateur Draft,NL West,3,1.9,12.7,2.328546945119995,4.233333333333333,0.6
12890,Alex Claudio,MIL,Traded,NL Central,3,1.4,6.2,5.273304681456002,2.066666666666667,0.5
12907,Gregory Polanco,PIT,Amateur Free Agent,NL Central,3,4.2,25.6,8.601883833952007,8.533333333333333,1.4
12910,Ken Giles,TOR,Traded,AL East,2,0.8,15.5,-9.000480756800002,7.75,0.4
12916,Francisco Lindor,CLE,Amateur Draft,AL Central,3,17,52.8,87.02509767239998,17.599999999999998,5.7
12917,Dylan Bundy,BAL,Amateur Draft,AL East,3,1.9,13.6,1.5380937377279986,4.533333333333333,0.6
12918,Archie Bradley,ARI,Amateur Draft,NL West,3,1,8.9,-1.099417675151999,2.966666666666667,0.3
12927,Brandon Nimmo,NYM,Amateur Draft,NL East,4,10,14.3,68.80278088976036,3.575,2.5
12970,Joe Musgrove,PIT,Traded,NL Central,4,2.6,9.8,11.2412259684453,2.45,0.6
12976,Austin Hedges,SDP,Amateur Draft,NL West,4,6.1,15.4,35.17077223892907,3.85,1.5
12979,Javier Baez,CHC,Amateur Draft,NL Central,3,10,25.3,56.602729795840006,8.433333333333334,3.3
12984,Jackie Bradley Jr.,BOS,Amateur Draft,AL East,2,4.4,21.1,14.353390492000004,10.55,2.2
12988,Andrew Chafin,ARI,Amateur Draft,NL West,2,0.3,4.8,-2.701530676000001,2.4,0.2
13050,Anthony DeSclafani,CIN,Traded,NL Central,2,0.1,5.2,-4.6851758432000015,2.6,0
13071,Wei-Yin Chen,MIA,Free Agency,NL East,2,-0.5,41.5,-45.654754335999996,20.75,-0.2
13074,Yu Darvish,CHC,Free Agency,NL Central,5,-1.2,96.9,-108.33872209506455,19.380000000000003,-0.2
13110,Yoenis Cespedes,NYM,Free Agency,NL East,2,0.7,57.9,-52.5673260896,28.95,0.4
13125,Gerrit Cole,HOU,Traded,AL West,1,3.5,13.5,14.893471999999996,13.5,3.5
13145,Josh Bell,PIT,Amateur Draft,NL Central,4,1.6,9,4.0370394358950215,2.25,0.4
13152,Jorge Polanco,MIN,Amateur Free Agent,AL Central,5,4.2,23.5,11.054699710100813,4.7,0.8
13164,Eduardo Rodriguez,BOS,Traded,AL East,3,3.4,20.9,7.1662178385599935,6.966666666666666,1.1
13183,Zach Davies,MIL,Traded,NL Central,3,2.1,12.6,4.741636125504,4.2,0.7
13185,Orlando Arcia,MIL,Amateur Free Agent,NL Central,4,1.2,0.6,4.1393328,0.15,0.3
13218,Michael Fulmer,DET,Traded,AL Central,4,4.9,21,19.20714333994481,5.25,1.2
13265,Mike Zunino,TBR,Traded,AL East,2,4.2,10.9,23.346079972000005,5.45,2.1
13273,Ross Stripling,LAD,Amateur Draft,NL West,4,0.9,8.7,-2.0439248936192635,2.175,0.2
13301,Max Muncy,LAD,Free Agency,NL West,4,7.8,13.2,51.75710343051636,3.3,2
13329,Jake Lamb,ARI,Amateur Draft,NL West,2,1.6,11.9,1.327668184800002,5.95,0.8
13338,Omar Narvaez,SEA,Traded,AL West,4,2.2,9.4,8.618335705827857,2.35,0.6
13355,Luke Maile,TOR,Waivers,AL East,4,2.4,9.6,10.330151010439359,2.4,0.6
13361,Steven Matz,NYM,Amateur Draft,NL East,3,0.2,12.7,-10.939471165728003,4.233333333333333,0.1
13367,Stephen Piscotty,OAK,Traded,AL West,4,5.4,28.9,15.496318314374971,7.225,1.4
13431,Marcus Stroman,TOR,Amateur Draft,AL East,2,2.6,15.8,5.223221061333335,7.9,1.3
13449,Taylor Rogers,MIN,Amateur Draft,AL Central,4,0.6,9.5,-4.538970405120344,2.375,0.2
13475,Daniel Norris,DET,Traded,AL Central,3,0.6,6.2,-1.4457125312159986,2.066666666666667,0.2
13510,Jose Ramirez,CLE,Amateur Free Agent,AL Central,3,17.5,19.7,124.28292087015998,6.566666666666666,5.8
13543,Blake Snell,TBR,Amateur Draft,AL East,5,9.9,47.2,35.77456869740756,9.440000000000001,2
13590,Jesse Winker,CIN,Amateur Draft,NL Central,5,2,1.1,13.005324128799998,0.22000000000000003,0.4
13593,Jose Peraza,CIN,Traded,NL Central,4,5.8,13.7,34.89857581313021,3.425,1.4
13607,Carl Edwards Jr.,CHC,Traded,NL Central,4,0.1,11.2,-10.524394391905325,2.8,0
13608,Mallex Smith,SEA,Traded,AL West,4,7.7,12.8,50.94249594599542,3.2,1.9
13611,Mookie Betts,BOS,Amateur Draft,AL East,2,14.2,49.4,66.14385727999999,24.7,7.1
13613,Ketel Marte,ARI,Traded,NL West,4,5.4,20.7,24.399221188094643,5.175,1.4
13619,Jakob Junis,KCR,Amateur Draft,AL Central,5,0.1,1.1,8.881291655200002,0.22000000000000003,0
13624,Corey Seager,LAD,Amateur Draft,NL West,3,7.6,19.5,43.4673911168,6.5,2.5
13744,David Dahl,COL,Amateur Draft,NL West,5,3.2,0.6,8.1671488,0.12,0.6
13757,Chris Taylor,LAD,Traded,NL West,3,6.9,17,39.93979152921601,5.666666666666667,2.3
13764,Roberto Osuna,HOU,Traded,AL West,3,3.5,31.6,-2.683263014880003,10.533333333333333,1.2
13768,Travis Jankowski,SDP,Amateur Draft,NL West,4,0.8,9.2,-2.99758031984635,2.3,0.2
13769,Adalberto Mondesi,KCR,Amateur Free Agent,AL Central,5,7.4,1.1,28.6081446664,0.22000000000000003,1.5
13774,Zach Eflin,PHI,Traded,NL East,4,2.1,9.4,7.25766732681884,2.35,0.5
13781,Alex Wood,CIN,,NL Central,1,1.7,9.7,4.318102400000001,9.7,1.7
13836,Matt Duffy,TBR,Traded,AL East,2,2.6,6.6,14.237626943199999,3.3,1.3
13853,Joey Wendle,TBR,Traded,AL East,5,5.4,1.1,27.234068410400003,0.22000000000000003,1.1
13862,Devon Travis,TOR,Traded,AL East,3,-0.1,9.4,-10.666428007792002,3.1333333333333333,-0
13911,Scott Oberg,COL,Amateur Draft,NL West,3,0.4,6.3,-3.122142277478404,2.1,0.1
14078,Michael Wacha,STL,Amateur Draft,NL Central,1,1.1,6.3,2.4395897600000005,6.3,1.1
14103,Rio Ruiz,BAL,Waivers,AL East,4,0.7,1.6,5.886379395505999,0.4,0.2
14106,Addison Russell,CHC,Traded,NL Central,3,5,14.1,26.739139314900005,4.7,1.7
14107,Kevin Gausman,ATL,Traded,NL East,2,3,20,4.00928357733337,10,1.5
14120,Lance McCullers Jr.,HOU,Amateur Draft,AL West,3,5,19.9,20.670743805600008,6.633333333333333,1.7
14128,Joey Gallo,TEX,Amateur Draft,AL West,4,8,13,53.20505797149707,3.25,2
14140,Jose Rondon,CHW,Purchased,AL Central,5,0.3,1.6,7.160005200017998,0.32,0.1
14145,Daniel Robertson,TBR,Traded,AL East,5,6.1,0.6,12.817383807999999,0.12,1.2
14161,Byron Buxton,MIN,Amateur Draft,AL Central,4,3.2,11.1,15.558626992317738,2.775,0.8
14162,Carlos Correa,HOU,Amateur Draft,AL West,3,8.4,24.3,44.57947665056,8.1,2.8
14168,Jose Berrios,MIN,Amateur Draft,AL Central,4,6.9,12.6,44.62604780352218,3.15,1.7
14212,Josh Hader,MIL,Traded,NL Central,4,4.1,1.2,21.889123988000005,0.3,1
14221,Jorge Soler,KCR,Traded,AL Central,2,0.9,9.2,-1.616831953599998,4.6,0.4
14225,Yasiel Puig,CIN,Traded,NL Central,1,1.8,9.7,4.378496000000004,9.7,1.8
14274,Mitch Haniger,SEA,Traded,AL West,4,9.2,14.1,62.37262048130481,3.525,2.3
14320,Wilmer Difo,WSN,Amateur Free Agent,NL East,4,1.1,8.7,-0.06494608895509102,2.175,0.3
14330,Nick Williams,PHI,Traded,NL East,5,0.7,1.1,8.908135207199999,0.22000000000000003,0.1
14344,Matt Olson,OAK,Amateur Draft,AL West,5,10.8,1.1,40.64986358928,0.22000000000000003,2.2
14388,Ronald Guzman,TEX,Amateur Free Agent,AL West,5,1.5,1.1,10.4230418888,0.22000000000000003,0.3
14444,Hyun-Jin Ryu,LAD,Free Agency,NL West,1,0.4,17.9,-14.400279295999999,17.9,0.4
14477,Jake Cave,MIN,Traded,AL Central,5,1.4,1.6,14.42839059221,0.32,0.3
14503,Renato Nunez,BAL,Waivers,AL East,4,3,1.1,15.389756337440003,0.275,0.8
14524,Jose Leclerc,TEX,Amateur Free Agent,AL West,4,3,13.4,11.044916932214056,3.35,0.8
14553,Nomar Mazara,TEX,Amateur Free Agent,AL West,3,3.1,16,9.161958027808003,5.333333333333333,1
14566,Franmil Reyes,SDP,Amateur Free Agent,NL West,5,4,1.6,24.861048440530002,0.32,0.8
14567,Franchy Cordero,SDP,Amateur Free Agent,NL West,5,0.9,1.1,8.651747609120001,0.22000000000000003,0.2
14593,David Bote,CHC,Amateur Draft,NL Central,5,1.7,8.5,4.904589225188525,1.7,0.3
14696,Keone Kela,PIT,Traded,NL Central,2,1.4,7.8,3.504512827040001,3.9,0.7
14710,Edwin Diaz,NYM,Traded,NL East,4,6.3,12.1,39.71512425623299,3.025,1.6
14712,Manuel Margot,SDP,Traded,NL West,4,3.9,10.2,21.697773438220153,2.55,1
14811,Luke Voit,NYY,Traded,AL East,5,2.2,1.1,15.686612576799998,0.22000000000000003,0.4
14818,JaCoby Jones,DET,Traded,AL Central,5,0.5,1.1,9.18491946832,0.22000000000000003,0.1
14862,Zack Godley,ARI,Traded,NL West,4,4.4,11,25.59420096320686,2.75,1.1
14916,Jon Gray,COL,Amateur Draft,NL West,3,5.3,14.3,28.926673202399996,4.766666666666667,1.8
14950,Johan Camargo,ATL,Amateur Free Agent,NL East,5,8.4,1.1,33.91807170000001,0.22000000000000003,1.7
14975,Chad Kuhl,PIT,Amateur Draft,NL Central,4,0.4,8.4,-5.186273512859795,2.1,0.1
15010,Corey Knebel,MIL,Traded,NL Central,3,1.7,21.2,-7.7860610991999994,7.066666666666666,0.6
15038,German Marquez,COL,Traded,NL West,4,9.1,13.9,61.61772536796781,3.475,2.3
15112,Ryan McMahon,COL,Amateur Draft,NL West,5,0.2,1.1,6.299807771935999,0.22000000000000003,0
15149,Trey Mancini,BAL,Amateur Draft,AL East,4,0.7,0.6,4.537805120000001,0.15,0.2
15172,Tim Anderson,CHW,Amateur Draft,AL Central,4,4.7,21.2,17.50983283370891,5.3,1.2
15189,Dustin Peterson,DET,Waivers,AL Central,5,0.1,1.6,6.197951706846799,0.32,0
15191,Chad Pinder,OAK,Amateur Draft,AL West,4,2.9,9.8,13.743533253290654,2.45,0.7
15194,Jake Bauers,CLE,Traded,AL Central,5,2.7,1.6,18.305003577938002,0.32,0.5
15223,Adam Frazier,PIT,Amateur Draft,NL Central,4,3.4,10.3,17.690746371700047,2.575,0.8
15362,Jeff McNeil,NYM,Amateur Draft,NL East,5,4.7,1.6,30.95760904597,0.32,0.9
15423,Andrew Heaney,LAA,Traded,AL West,3,1.6,14.1,-1.2226004547223948,4.7,0.5
15429,Kris Bryant,CHC,Amateur Draft,NL Central,3,10.1,53.4,29.760868418889988,17.8,3.4
15440,Matthew Boyd,DET,Traded,AL Central,4,3.3,19.5,7.379784809322003,4.875,0.8
15454,Nick Pivetta,PHI,Traded,NL East,5,4.1,1.1,22.01555394,0.22000000000000003,0.8
15464,Hunter Renfroe,SDP,Amateur Draft,NL West,5,2.4,0.6,8.541111039999999,0.12,0.5
15467,Marco Gonzales,SEA,Traded,AL West,5,3.9,1.9,20.478374974719998,0.38,0.8
15488,Antonio Senzatela,COL,Amateur Free Agent,NL West,5,1.7,1.1,14.092290196,0.22000000000000003,0.3
15490,Justin Williams,STL,,NL Central,5,1.1,1.6,10.3004464984372,0.32,0.2
15518,Amed Rosario,NYM,Amateur Free Agent,NL East,5,5.1,1.1,21.264274669600006,0.22000000000000003,1
15519,Franklin Barreto,OAK,Traded,AL West,5,2.6,1.6,17.018126296402002,0.32,0.5
15552,Chad Green,NYY,Traded,AL East,4,2.4,9.7,10.197059122006866,2.425,0.6
15640,Aaron Judge,NYY,Amateur Draft,AL East,4,16.9,18.9,121.704345159985,4.725,4.2
15654,Billy McKinney,TOR,Traded,AL East,5,0.1,1.6,6.3694107747892,0.32,0
15672,Austin Meadows,TBR,Traded,AL East,5,1.6,1.6,12.786233869394,0.32,0.3
15676,Jose Abreu,CHW,Amateur Free Agent,AL Central,1,1.5,16,-3.6405568000000006,16,1.5
15679,Rowdy Tellez,TOR,Amateur Draft,AL East,5,2.3,1.6,16.46689934933,0.32,0.5
15689,Luis Castillo,CIN,Traded,NL Central,5,2.9,1.1,18.009844756,0.22000000000000003,0.6
15711,Tyler O'Neill,STL,Traded,NL Central,5,4.4,1.6,26.49168482581,0.32,0.9
15734,Brad Keller,KCR,Traded,AL Central,5,3.1,1.1,18.78898306,0.22000000000000003,0.6
15761,Joe Jimenez,DET,Amateur Free Agent,AL Central,5,0.1,1.1,8.9928920776,0.22000000000000003,0
15764,Masahiro Tanaka,NYY,Free Agency,AL East,2,3.1,44.5,-19.277719903999994,22.25,1.6
15873,Sean Manaea,OAK,Traded,AL West,4,3.5,12.9,15.819436063468126,3.225,0.9
15878,Miguel Andujar,NYY,Amateur Free Agent,AL East,5,7.9,1.2,30.300131956,0.24,1.6
15890,Luis Severino,NYY,Amateur Free Agent,AL East,4,14.3,35.8,83.08627416683936,8.95,3.6
15937,Aledmys Diaz,HOU,Traded,AL West,4,2.1,10.9,5.924407959322874,2.725,0.5
15986,Willy Adames,TBR,Traded,AL East,5,4.4,1.6,26.568578569170004,0.32,0.9
15998,Cody Bellinger,LAD,Amateur Draft,NL West,5,14.7,0.6,25.8166,0.12,2.9
16137,Carlos Rodon,CHW,Amateur Draft,AL Central,3,0.8,17.4,-10.683815993436001,5.8,0.3
16149,Aaron Nola,PHI,Amateur Draft,NL East,4,13.3,39.1,71.30883972210611,9.775,3.3
16221,Bradley Zimmer,CLE,Amateur Draft,AL Central,5,0.7,1.1,9.967738951200001,0.22000000000000003,0.1
16252,Trea Turner,WSN,Traded,NL East,4,13,27.9,80.68625243126371,6.975,3.2
16256,Kyle Freeland,COL,Amateur Draft,NL West,4,7.8,13.1,51.8267509895531,3.275,2
16285,Michael Hermosillo,LAA,Amateur Draft,AL West,5,1.3,1.6,11.363973822738,0.32,0.3
16313,Yairo Munoz,STL,Traded,NL Central,5,1.3,1.1,8.8137515528,0.22000000000000003,0.3
16350,Ryan Borucki,TOR,Amateur Draft,AL East,5,0.4,1.6,10.148303817169998,0.32,0.1
16357,Pablo Reyes,PIT,Amateur Free Agent,NL Central,5,0.3,1.6,8.132190223057998,0.32,0.1
16376,Michael Conforto,NYM,Amateur Draft,NL East,3,8.3,19.6,48.471735994992,6.533333333333334,2.8
16400,Reynaldo Lopez,CHW,Traded,AL Central,5,2.8,1.1,17.544030624800005,0.22000000000000003,0.6
16403,Francisco Mejia,SDP,Traded,NL West,5,0.8,1.6,8.686276808158802,0.32,0.2
16411,Richard Urena,TOR,Amateur Free Agent,AL East,5,2.8,1.6,17.637397100306003,0.32,0.6
16442,Ryan O'Hearn,KCR,Amateur Draft,AL Central,5,1.2,1.6,12.37467772501,0.32,0.2
16472,Rhys Hoskins,PHI,Amateur Draft,NL East,5,8.8,1.1,35.173254804,0.22000000000000003,1.8
16478,Kyle Schwarber,CHC,Amateur Draft,NL Central,3,6.2,16.5,34.8519553899744,5.5,2.1
16505,Matt Chapman,OAK,Amateur Draft,AL West,5,18.1,1.1,65.59151726800002,0.22000000000000003,3.6
16512,Isiah Kiner-Falefa,TEX,Amateur Draft,AL West,5,1.2,1.1,8.687717913376002,0.22000000000000003,0.2
16535,Danny Jansen,TOR,Amateur Draft,AL East,5,3.3,1.6,21.291121637458,0.32,0.7
16556,Ozzie Albies,ATL,Amateur Free Agent,NL East,5,14.4,16,106.35162096874649,3.2,2.9
16622,Luis Urias,SDP,Amateur Free Agent,NL West,5,3.5,1.6,20.467257479506003,0.32,0.7
16918,Luke Weaver,ARI,Traded,NL West,5,1.1,1.1,12.048451386399996,0.22000000000000003,0.2
16943,Sean Newcomb,ATL,Traded,NL East,5,1.7,1.1,14.097681139999999,0.22000000000000003,0.3
16977,Trevor Williams,PIT,Traded,NL Central,4,4.6,11,26.57539897279405,2.75,1.1
16997,Gleyber Torres,NYY,Traded,AL East,5,6.8,1.1,25.82408994,0.22000000000000003,1.4
17016,Rusney Castillo,BOS,Amateur Free Agent,AL East,3,-3.5,25.7,-34.264911753472,8.566666666666666,-1.2
17027,Alex Verdugo,LAD,Amateur Draft,NL West,5,2.3,1.6,15.512046848146,0.32,0.5
17085,Pablo Lopez,MIA,Traded,NL East,3,0.3,1.6,0.6077215217460009,0.5333333333333333,0.1
17128,Ramon Laureano,OAK,Traded,AL West,5,5.2,1.6,31.698395320530004,0.32,1
17130,Raisel Iglesias,CIN,Amateur Free Agent,NL Central,3,0.2,27.7,-26.622711120600002,9.233333333333333,0.1
17171,Yasmany Tomas,ARI,Amateur Free Agent,NL West,3,-0.7,56.5,-62.802676109784,18.833333333333332,-0.2
17232,Yoan Moncada,CHW,Traded,AL Central,5,7.4,1.1,28.737444564,0.22000000000000003,1.5
17350,Rafael Devers,BOS,Amateur Free Agent,AL East,5,5.5,1.2,21.4731713352,0.24,1.1
17479,Jack Flaherty,STL,Amateur Draft,NL Central,5,2.6,1.1,17.067696847519997,0.22000000000000003,0.5
17678,Alex Bregman,HOU,Amateur Draft,AL West,5,23.1,65.9,129.74728234128654,13.180000000000001,4.6
17719,Steven Duggar,SFG,Amateur Draft,NL West,5,0.9,1.6,11.232444252498,0.32,0.2
17780,Jose Alvarado,TBR,Amateur Free Agent,AL East,5,2.9,1.1,17.987880276,0.22000000000000003,0.6
17901,Andrew Benintendi,BOS,Amateur Draft,AL East,4,11.3,15.1,79.1093396510809,3.775,2.8
17919,Ian Happ,CHC,Amateur Draft,NL Central,5,5.9,1.1,24.980260948,0.22000000000000003,1.2
17929,Cedric Mullins II,BAL,Amateur Draft,AL East,4,0.3,1.6,3.3717062709300003,0.4,0.1
17975,Scott Kingery,PHI,Amateur Draft,NL East,5,0.1,20.7,-20.912961996655902,4.14,0
17992,David Fletcher,LAA,Amateur Draft,AL West,5,4.9,1.6,29.763181218770004,0.32,1
18015,Paul DeJong,STL,Amateur Draft,NL Central,5,10.6,21.5,67.80279065629963,4.3,2.1
18030,Harrison Bader,STL,Amateur Draft,NL Central,5,8.8,1.1,34.425658810399995,0.22000000000000003,1.8
18289,Brian Anderson,MIA,Amateur Draft,NL East,3,5.5,1.1,31.075638229280006,0.3666666666666667,1.8
18314,Dansby Swanson,ATL,Traded,NL East,4,4.4,10.6,25.602109401286956,2.65,1.1
18363,Victor Robles,WSN,Amateur Free Agent,NL East,5,4.5,1.6,25.1931719375028,0.32,0.9
18401,Ronald Acuna Jr.,ATL,Amateur Free Agent,NL East,5,12.1,36.4,65.70942709366079,7.279999999999999,2.4
18498,Kenta Maeda,LAD,Free Agency,NL West,5,2.5,14.9,5.300985092198205,2.98,0.5
18679,Freddy Peralta,MIL,Traded,NL Central,4,1.1,1.6,10.07235277077,0.4,0.3
18719,Seunghwan Oh,COL,Traded,NL West,3,-2.3,12.2,-30.951324822624002,4.066666666666666,-0.8
18882,Brandon Lowe,TBR,Amateur Draft,AL East,5,2.2,13.4,4.677680795195832,2.68,0.4
19198,Yuli Gurriel,HOU,Amateur Free Agent,AL West,3,-1.5,30.4,-43.824535255989886,10.133333333333333,-0.5
19238,Lourdes Gurriel Jr.,TOR,Amateur Free Agent,AL East,5,0.2,18.5,-17.604983440004208,3.7,0
19262,Garrett Hampson,COL,Amateur Draft,NL West,5,0.8,1.6,9.632645179986,0.32,0.2
19309,Trevor Richards,MIA,Free Agency,NL East,3,0.7,1.6,3.88850912277,0.5333333333333333,0.2
19374,Walker Buehler,LAD,Amateur Draft,NL West,5,3.7,1.1,20.473692903200003,0.22000000000000003,0.7
19427,Shane Bieber,CLE,Amateur Draft,AL Central,5,3.4,1.6,24.81500135189,0.32,0.7
19755,Shohei Ohtani,LAA,Free Agency,AL West,5,6.9,1.2,28.081196564000003,0.24,1.4
20123,Juan Soto,WSN,Amateur Free Agent,NL East,5,13,1.7,66.70703204885001,0.33999999999999997,2.6
